id,source_machine_id,part_type
009bb0bc-4f48-605c-d1b9-16e5d57b4da9,781a94e5-915b-90cb-9e1f-61a1c7cf9250,FRONT
02202ec2-00e7-866a-e607-66ce27916668,dcb29454-f83a-4d0a-0126-64aba90348f2,TIRE
05e1eab1-a39f-3712-a7c0-492bb9bbf6e6,70000000-0000-4000-8000-000000000012,FRONT
060d2a67-4928-7b9e-8b5a-480c02f7fa70,70000000-0000-4000-8000-000000000008,FRONT
06c03c50-c89c-4c8f-cdbe-0ed17026c66b,70000000-0000-4000-8000-000000000003,REAR
0a36083f-f80c-d872-03c7-033b3f153269,d4a97949-eb78-5aca-c67a-57649c71d834,REAR
0a4355e5-42c6-6263-b440-fd77a20a1fb5,a706cd9a-1663-16c7-adbe-eb62051d6c11,REAR
0d15c3d5-09c6-ca6e-6efa-b209b936f3e1,70000000-0000-4000-8000-000000000015,TIRE
0f71d4d2-b64e-28be-4725-d5ab5e2955ec,24ed4c62-df88-34f7-bcf6-bef3799215a3,REAR
10000000-0000-4000-8000-000000000001,6e6a50e8-cb09-5718-801a-91d6a9c7a5b0,FRONT
10000000-0000-4000-8000-000000000002,fc5a6823-88b8-5acd-9d9d-0bc2f8b52fb3,FRONT
10000000-0000-4000-8000-000000000003,bb372c28-5fe9-54f9-9555-bff04f76b187,FRONT
10000000-0000-4000-8000-000000000004,04c4a02d-2dfd-5c60-b55a-752ace638175,FRONT
10000000-0000-4000-8000-000000000005,f2898979-c8e9-5638-80f6-2c9b1c3cee96,FRONT
10000000-0000-4000-8000-000000000006,c075c292-e6c2-5b7e-bae2-525039a77013,FRONT
10000000-0000-4000-8000-000000000007,5aa36b0f-9918-5112-9d91-3e847e08e7c2,FRONT
10000000-0000-4000-8000-000000000008,098afc29-eb17-5be7-a04e-75ebba27e3e3,FRONT
10000000-0000-4000-8000-000000000009,a275a279-391f-506f-8fac-46aca6b01ad9,FRONT
10000000-0000-4000-8000-000000000010,c60a51f3-9d1f-5ee5-9329-34d92829a4e7,FRONT
124d538e-ed69-8726-ebf8-8e20d4658bdd,70000000-0000-4000-8000-000000000013,TIRE
13f29751-3df9-ee74-a51e-d1dc24509927,70000000-0000-4000-8000-000000000008,TIRE
14b9d4fc-d51b-a9b7-6552-a5265fd68172,92dabaee-5db6-4550-84c7-be3181f9f3ff,TIRE
15cc8438-f40a-8458-92c6-2143ed5b7dd5,70000000-0000-4000-8000-000000000016,TIRE
17904689-2b7b-bde9-5d35-f6badc1d4985,df3cefb9-0475-1527-fbd9-73707e753d8c,FRONT
20000000-0000-4000-8000-000000000001,6e6a50e8-cb09-5718-801a-91d6a9c7a5b0,REAR
20000000-0000-4000-8000-000000000002,fc5a6823-88b8-5acd-9d9d-0bc2f8b52fb3,REAR
20000000-0000-4000-8000-000000000003,bb372c28-5fe9-54f9-9555-bff04f76b187,REAR
20000000-0000-4000-8000-000000000004,04c4a02d-2dfd-5c60-b55a-752ace638175,REAR
20000000-0000-4000-8000-000000000005,f2898979-c8e9-5638-80f6-2c9b1c3cee96,REAR
20000000-0000-4000-8000-000000000006,c075c292-e6c2-5b7e-bae2-525039a77013,REAR
20000000-0000-4000-8000-000000000007,5aa36b0f-9918-5112-9d91-3e847e08e7c2,REAR
20000000-0000-4000-8000-000000000008,098afc29-eb17-5be7-a04e-75ebba27e3e3,REAR
20000000-0000-4000-8000-000000000009,a275a279-391f-506f-8fac-46aca6b01ad9,REAR
20000000-0000-4000-8000-000000000010,c60a51f3-9d1f-5ee5-9329-34d92829a4e7,REAR
2090e63c-bd7d-86f2-9f45-e8077e521f9f,aeba4e52-9a41-e499-0f7a-dde64d5c1e21,FRONT
20f789fa-1a04-2e10-60b3-9ae1bd091730,70000000-0000-4000-8000-000000000013,REAR
24280cc9-446f-40ca-925d-215a2e3bf7e1,70000000-0000-4000-8000-000000000017,FRONT
29d5a361-0843-7972-a35a-a68a61ef0266,70000000-0000-4000-8000-000000000007,TIRE
2c06aa91-a1fd-0237-5b18-7af49ecf997e,70000000-0000-4000-8000-000000000009,FRONT
2ed87bb9-72cd-50e5-eef8-44482b6758aa,7807812c-9616-c605-69b5-2ea3c5b18305,FRONT
30000000-0000-4000-8000-000000000001,6e6a50e8-cb09-5718-801a-91d6a9c7a5b0,TIRE
30000000-0000-4000-8000-000000000002,fc5a6823-88b8-5acd-9d9d-0bc2f8b52fb3,TIRE
30000000-0000-4000-8000-000000000003,bb372c28-5fe9-54f9-9555-bff04f76b187,TIRE
30000000-0000-4000-8000-000000000004,04c4a02d-2dfd-5c60-b55a-752ace638175,TIRE
30000000-0000-4000-8000-000000000005,f2898979-c8e9-5638-80f6-2c9b1c3cee96,TIRE
30000000-0000-4000-8000-000000000006,c075c292-e6c2-5b7e-bae2-525039a77013,TIRE
30000000-0000-4000-8000-000000000007,5aa36b0f-9918-5112-9d91-3e847e08e7c2,TIRE
30000000-0000-4000-8000-000000000008,098afc29-eb17-5be7-a04e-75ebba27e3e3,TIRE
30feba73-4f60-6ecc-2d5f-e601d5fc6cb7,f0a6b1b6-921a-5543-eb1b-e0a180cb29da,FRONT
3129f5c8-438a-ce5c-65c9-36c056be1226,7568e2c4-217a-55f7-ad9b-5859f7c04f45,REAR
3259b336-f941-0023-5f66-441c0ad320fc,70000000-0000-4000-8000-000000000016,REAR
34101d28-0e5b-c728-b976-60c3706bfd6b,f72cc6cc-9620-a071-a75f-8c3b7a244533,TIRE
3544b6dd-38ea-a2a4-3276-d60ef92e8dfb,70000000-0000-4000-8000-000000000002,REAR
3a858810-7ae1-7833-e770-d1c7ff463993,24ed4c62-df88-34f7-bcf6-bef3799215a3,FRONT
3ca3993f-90b4-998d-9320-be92eb66ed19,583587e5-2086-f519-e4c9-8f54a7d4d526,FRONT
3cc5a217-6486-8a79-5c01-931a64967167,9d01b9d1-1525-019a-629d-860e54d4ed76,REAR
3e530723-bacb-fa8e-14f1-8eb3eec2b9e2,86ddf10a-940e-c7f3-a431-adfe209120e1,FRONT
3e72060d-e048-22eb-5048-c66ed0242e16,7568e2c4-217a-55f7-ad9b-5859f7c04f45,TIRE
41dcc995-078e-8119-7bca-b0b7a36acb59,dcb29454-f83a-4d0a-0126-64aba90348f2,FRONT
43f50bc6-ee14-66e5-2649-bf779c8688cd,24ed4c62-df88-34f7-bcf6-bef3799215a3,TIRE
46a5a2c2-8186-91b6-d604-5a6694a2c9ce,29e54102-daa9-e897-4234-741cf558fe94,REAR
48522284-0cfd-3f8b-9213-167a8f8d85d5,70000000-0000-4000-8000-000000000006,FRONT
4bcdc317-ccb5-b0f8-cae2-0c9f5f4d18bd,92dabaee-5db6-4550-84c7-be3181f9f3ff,FRONT
508d6521-9b30-4400-6d69-d4775a8830f0,1fc54f9d-0fe2-86f1-b9ec-7b9cc429e360,FRONT
51fc33fd-cd1e-066b-e1a0-22e6015c5f2a,86ddf10a-940e-c7f3-a431-adfe209120e1,TIRE
5259d5ec-f3ee-9685-3ad8-da0746f597b9,edc27459-ecf9-66dd-4bbe-9b08f719fba3,TIRE
58782e7b-fd48-90e4-320f-9cd7079699fe,583587e5-2086-f519-e4c9-8f54a7d4d526,TIRE
58e56472-5ae1-5689-5b71-16a6b2ac1354,909ded8a-6628-fa67-d5b8-5acb427e66e1,REAR
5a92fe33-d34f-d788-119b-0392024c6393,2bceb595-2638-185b-4a54-4286f56f8d26,FRONT
5b2bdfc5-b587-4cee-222d-d5b0f5792eb2,7568e2c4-217a-55f7-ad9b-5859f7c04f45,FRONT
5d71867f-3bc1-882d-60cd-7d935a4e72cc,70000000-0000-4000-8000-000000000009,TIRE
62b929b0-d8fe-a48e-55f9-24b8a048282c,53a36480-cbfd-cb7a-f258-29dae8a56dab,REAR
6559ee22-bbe3-6d54-a16c-e883ac1a8806,a3622cfb-49f6-520f-a7a6-5f73f1147326,FRONT
66d4846d-8c24-07bc-90cb-46f26c86d58d,2d182731-171e-b763-3377-b3ea07e25867,FRONT
66e66cdd-6936-2a71-45f1-30c7d481c9e0,2bceb595-2638-185b-4a54-4286f56f8d26,REAR
6ced8253-c098-d7c7-e466-fc7f6734500d,63d2669c-29be-0170-48ca-81d1346ee20a,TIRE
6dee0fd4-87f1-3a73-634a-74121664c6ec,70000000-0000-4000-8000-000000000003,FRONT
711c4fdf-a54e-bf58-9b0b-d14d62068adf,70000000-0000-4000-8000-000000000014,TIRE
71af3239-eca9-e241-1cad-490c463dc566,d48c0e81-dda8-1eca-0da3-cf417e378ae4,TIRE
735db318-96e2-8aaa-9af6-25bc84cef166,70000000-0000-4000-8000-000000000017,REAR
75393894-021b-ee13-6138-5090af1bb3de,70000000-0000-4000-8000-000000000015,REAR
797535b4-e587-9608-1a6e-0da622afd010,583587e5-2086-f519-e4c9-8f54a7d4d526,REAR
79ac28cb-e41a-62a4-b8f7-a98a0dbcd553,79c17050-2f02-46e5-7329-7d07f364c48a,REAR
7d13925a-8802-1c1c-5066-935dd142bbfe,53a36480-cbfd-cb7a-f258-29dae8a56dab,TIRE
7d784222-f87c-f355-8639-e1fe4c7f8ba7,962739c9-bff4-94dd-4e07-4185d5f7eae8,REAR
7e0edc88-8a04-5d9d-8868-7a17a5e78df6,70000000-0000-4000-8000-000000000007,FRONT
7f56780a-ca5a-9e20-a568-22e5b3415e62,494c9893-623b-c909-114a-065c80a12fd2,REAR
7f806a29-11e8-d230-7e21-fea98a77defb,70000000-0000-4000-8000-000000000001,REAR
80682905-4f8e-95d7-f1f6-f03fdb96ad0c,c6cf08c0-2925-1290-f43d-0983f42ade64,REAR
810d0e37-6b90-8d2d-7fbc-2758f8ab1ab2,edc27459-ecf9-66dd-4bbe-9b08f719fba3,REAR
81a9e690-2df3-6745-d0c4-5039e1cee436,70000000-0000-4000-8000-000000000010,REAR
8248c8f7-84df-34bd-762f-0e6cdd3de744,42bf7883-f635-ae26-8fc6-a43bf1cfdaab,REAR
832ebab7-d746-abaa-2254-38cd252a5d52,46b3fbfa-e4e2-f541-2887-af85176bd48a,REAR
8386880d-5b51-d8d2-8956-c6d1b713e018,494c9893-623b-c909-114a-065c80a12fd2,FRONT
8699b0b0-7690-f4d0-0ce3-ae8496d7d22a,7807812c-9616-c605-69b5-2ea3c5b18305,REAR
87abbc42-ac37-3d76-162f-7c4c11ce4ac7,70000000-0000-4000-8000-000000000005,TIRE
8a7e4d9f-919e-b059-0797-5888636b4627,962739c9-bff4-94dd-4e07-4185d5f7eae8,FRONT
8b1c9eef-2982-9341-f379-6ab3f22f1518,70000000-0000-4000-8000-000000000005,FRONT
8d8a4992-6dae-7208-6d53-5fcac9c1d0ad,70000000-0000-4000-8000-000000000012,TIRE
8dc41d76-1159-bd73-4691-ed8a2c730e63,70000000-0000-4000-8000-000000000004,REAR
8ef967da-94d6-cb49-1173-a0ed1080c090,aeba4e52-9a41-e499-0f7a-dde64d5c1e21,TIRE
938e60ef-f1ae-d333-c82f-f8909494b80e,eb851153-4d31-a0de-6a19-fd6ef21ee9d1,REAR
95a6e31b-5ea9-6753-03b5-655a24e3248a,ce34529e-4556-6a08-cd01-04a71d9b2baf,REAR
9954c5b5-6da6-5222-d09a-7c08e07ecac0,9d01b9d1-1525-019a-629d-860e54d4ed76,FRONT
9aaac85e-81b9-45ae-b245-4eb10c7fea5e,70000000-0000-4000-8000-000000000005,REAR
9c08cba4-4c5e-45a6-4c3a-30254b5a2c6c,ce34529e-4556-6a08-cd01-04a71d9b2baf,TIRE
9c28d250-e00f-e0a2-b409-9532a2db6836,eb851153-4d31-a0de-6a19-fd6ef21ee9d1,FRONT
a0544bbc-aa30-51a0-f3b1-9552d8973f68,70000000-0000-4000-8000-000000000002,FRONT
a1d70fab-a4b4-14c0-7b65-acf8cc905cbc,f0a6b1b6-921a-5543-eb1b-e0a180cb29da,REAR
a3c2cb4f-128f-0df9-4236-67832bfe97dd,ea109cd2-1526-1c84-70ae-3ee8027a623b,REAR
a5f76694-1376-d1cb-0303-f949fbf4c1bb,46b3fbfa-e4e2-f541-2887-af85176bd48a,FRONT
a7255c66-7d37-7387-0d3d-17e3acff00c4,70000000-0000-4000-8000-000000000006,TIRE
a812c38a-87d7-32e4-252a-f6f7a0077207,494c9893-623b-c909-114a-065c80a12fd2,TIRE
a8b0dfc2-4281-5d64-1dc7-a0b820b76daa,962739c9-bff4-94dd-4e07-4185d5f7eae8,TIRE
a8dc7d54-8dd7-5d0d-dd1e-e2d399f84e90,86ddf10a-940e-c7f3-a431-adfe209120e1,REAR
aa1aa606-ca3d-2df0-0c0b-08e561c4d3bb,70000000-0000-4000-8000-000000000012,REAR
abd08280-8415-c7e8-ac93-240cb8b58ec9,aeba4e52-9a41-e499-0f7a-dde64d5c1e21,REAR
b0fa7228-cda8-49b6-0e28-264028751c81,70000000-0000-4000-8000-000000000007,REAR
b2fcbe22-90f0-22a5-e2fb-4742563501f4,9d01b9d1-1525-019a-629d-860e54d4ed76,TIRE
b33148b7-5a1c-816b-440f-270b986b4ec5,df3cefb9-0475-1527-fbd9-73707e753d8c,REAR
b3c4c2f0-4bd7-b6cc-1d94-6babd0eaa477,63d2669c-29be-0170-48ca-81d1346ee20a,REAR
b572d834-45ca-ce28-eb56-7131b6477646,d4a97949-eb78-5aca-c67a-57649c71d834,TIRE
b5de6ecf-5f23-4e6e-baf1-421edfefb13d,70000000-0000-4000-8000-000000000001,FRONT
b9c39c07-bac3-a930-8b16-53964237d9f6,745d828b-8a23-38c1-ef19-075c44b960a0,REAR
ba4440ee-fbdd-8921-a8f9-ebfd32c67310,29e54102-daa9-e897-4234-741cf558fe94,FRONT
bd2fdd72-322b-f818-66a4-4454ac56cc7b,63d2669c-29be-0170-48ca-81d1346ee20a,FRONT
bd4aa18a-b82b-f4f7-8ed2-303b9b2eea2d,79c17050-2f02-46e5-7329-7d07f364c48a,FRONT
bef807c6-945d-29d6-cb82-16d3aa68e760,745d828b-8a23-38c1-ef19-075c44b960a0,TIRE
befb23f9-91b7-f987-d13a-dc4629e7d1f8,70000000-0000-4000-8000-000000000014,FRONT
bfff70e1-c340-a928-5c2b-32836d97c105,1fc54f9d-0fe2-86f1-b9ec-7b9cc429e360,TIRE
c0864db4-63e9-7cf6-e6f5-7ac841224798,c6cf08c0-2925-1290-f43d-0983f42ade64,FRONT
c11541cb-8340-4dfd-a369-0c717fc36ea5,c6cf08c0-2925-1290-f43d-0983f42ade64,TIRE
c12e4ed7-dea9-e27e-82e5-fa253b448ecb,42bf7883-f635-ae26-8fc6-a43bf1cfdaab,FRONT
c1c008b0-3a8f-9f8c-5bf2-b1279e6a9b0a,70000000-0000-4000-8000-000000000010,FRONT
c3f51a9e-d7c3-2c1a-a473-b9184cb2add7,70000000-0000-4000-8000-000000000002,TIRE
c41397de-9716-ed2f-8f73-9dacffd4bf8a,eb851153-4d31-a0de-6a19-fd6ef21ee9d1,TIRE
c477a5b6-9808-afc5-7b3a-62dc84f577cb,b76fb11e-d3ab-3acf-cea9-9ef03c745c69,FRONT
c5526939-ea78-c278-c108-93c5b6de423b,70000000-0000-4000-8000-000000000013,FRONT
c6d9b25c-ebe2-fc58-646d-091c437d038b,a706cd9a-1663-16c7-adbe-eb62051d6c11,FRONT
c77c7837-ae78-e302-e245-caabe9bfa5c6,70000000-0000-4000-8000-000000000006,REAR
c8b5cd9c-b052-b63e-7622-77f83e884cb0,70000000-0000-4000-8000-000000000010,TIRE
ca431932-dc76-aa1b-28f5-9b55b4aeecdb,909ded8a-6628-fa67-d5b8-5acb427e66e1,FRONT
cc089cfa-6ad5-1fbf-ada2-c4eb8d697eee,70000000-0000-4000-8000-000000000003,TIRE
cdd5f6fb-6378-d997-0876-bbcb66ea04ac,d48c0e81-dda8-1eca-0da3-cf417e378ae4,REAR
d1b4e5ff-2b48-158b-a4cc-5dac5d5c6165,2d182731-171e-b763-3377-b3ea07e25867,REAR
d2cb61b8-7b32-43f6-aab5-3f0956e13003,70000000-0000-4000-8000-000000000004,FRONT
d3fdcaea-c2a1-a38d-3c2b-0472189bcb98,f0a6b1b6-921a-5543-eb1b-e0a180cb29da,TIRE
d6a3d066-6e47-b186-5142-053fa8c156e2,ea109cd2-1526-1c84-70ae-3ee8027a623b,TIRE
d705e55d-83ab-4585-180b-fa5d5f3b80d3,70000000-0000-4000-8000-000000000016,FRONT
d886c51f-7f03-5f19-db3c-79d0baa3a059,edc27459-ecf9-66dd-4bbe-9b08f719fba3,FRONT
dadb85b5-d0aa-9a75-aa9e-45e54bcf9dd5,53a36480-cbfd-cb7a-f258-29dae8a56dab,FRONT
dae676cb-a9e6-36bb-951d-f925d52b9370,745d828b-8a23-38c1-ef19-075c44b960a0,FRONT
dafe8c33-b920-26c9-bb5d-373f22d5c25b,ea109cd2-1526-1c84-70ae-3ee8027a623b,FRONT
db0b2ddc-2ed9-92d6-dc27-4cd55421412e,f72cc6cc-9620-a071-a75f-8c3b7a244533,FRONT
dbd1d017-7c9a-010c-edd2-d5138274f28e,f72cc6cc-9620-a071-a75f-8c3b7a244533,REAR
dd077cbd-0eba-eff1-3995-31147ba34d4b,92dabaee-5db6-4550-84c7-be3181f9f3ff,REAR
de64711e-3862-76c2-7322-bcf675fc70f3,70000000-0000-4000-8000-000000000008,REAR
dea43a97-fdc3-817d-ea6e-e17dc8a898c3,781a94e5-915b-90cb-9e1f-61a1c7cf9250,REAR
e1f98c5e-ce1f-92d2-38ca-be977bee6cab,dcb29454-f83a-4d0a-0126-64aba90348f2,REAR
e31aaa39-a116-d6a2-8a48-a542f6536c71,d4a97949-eb78-5aca-c67a-57649c71d834,FRONT
e335851c-5f66-91c9-a651-e2be5b2e1173,70000000-0000-4000-8000-000000000015,FRONT
e435573e-0694-20b8-1cee-e6526654b663,42bf7883-f635-ae26-8fc6-a43bf1cfdaab,TIRE
e701cedd-009a-f085-b5ec-3df246409f8b,70000000-0000-4000-8000-000000000009,REAR
e8dcaaea-2e6c-d693-c7bb-25c4433e1e05,df3cefb9-0475-1527-fbd9-73707e753d8c,TIRE
e9a2e349-904d-93db-fdb8-e52a8beb77c8,2d182731-171e-b763-3377-b3ea07e25867,TIRE
eb0e43f0-96e0-8b0c-e95e-c08084931825,909ded8a-6628-fa67-d5b8-5acb427e66e1,TIRE
ec0ab978-a84e-16a2-4b0c-4c003db99413,d48c0e81-dda8-1eca-0da3-cf417e378ae4,FRONT
ec19d03d-6ec1-982f-aa99-334676ea96ed,ce34529e-4556-6a08-cd01-04a71d9b2baf,FRONT
edce3172-4ebd-8bc1-b1ad-7bc6abb46d33,a3622cfb-49f6-520f-a7a6-5f73f1147326,REAR
f9244606-5f33-a9e4-1aa7-2c3c7dfe0234,7807812c-9616-c605-69b5-2ea3c5b18305,TIRE
f9749d32-5a0e-06e8-67f8-9bd2abd3d3b7,b76fb11e-d3ab-3acf-cea9-9ef03c745c69,REAR
fe4117f9-7705-8303-5da4-2fc9898c5b80,1fc54f9d-0fe2-86f1-b9ec-7b9cc429e360,REAR
ff24826a-600b-c2f6-68ea-9af839f8592b,781a94e5-915b-90cb-9e1f-61a1c7cf9250,TIRE
ffbb001f-c28a-f81a-e64f-9fe38f719621,70000000-0000-4000-8000-000000000014,REAR
