gadget_id,effect_id,position,kind,subject,required_racing_type,matching_speed,matching_acceleration,matching_handling,matching_power,matching_boost,nonmatching_speed,nonmatching_acceleration,nonmatching_handling,nonmatching_power,nonmatching_boost,label,explanation,stacking_group,scenario_stat_potential
"174ea0a3-43bb-5001-bbd4-8b598482fe59","other-0","0","NON_STAT","ANY",,"0","0","0","0","0","0","0","0","0","0","Item order","Changes held-item order, not five-stat values.",,
"175c2797-0be5-571a-99ac-af4bfdbf58a4","other-0","0","CONDITIONAL","ANY",,"0","0","0","0","0","0","0","0","0","0","Travel Ring rewards","Requires choosing a Travel Ring; no ring reward or capacity change is assumed.",,"false"
"180a09fc-0034-5f56-be95-2938ce9ed61d","other-0","0","CONDITIONAL","ANY",,"0","0","0","0","0","0","0","0","0","0","Low-ring top speed","Depends on held rings; physical top speed is not passive Speed points.",,"false"
"182bdfa8-44d3-5de8-941b-d525381dd0a3","other-0","0","CONDITIONAL","ANY",,"0","0","0","0","0","0","0","0","0","0","Ring-dependent engine","Stat and physical-speed effects require held rings; no ring count is assumed.",,"true"
"238359e7-ba2a-582d-bc82-6ab1c14b0284","other-0","0","NON_STAT","ANY",,"0","0","0","0","0","0","0","0","0","0","Item capacity","Item capacity does not change passive stat points.",,
"3130026a-75cc-50c9-94ba-4748263acbfd","other-0","0","NON_STAT","ANY",,"0","0","0","0","0","0","0","0","0","0","Ring rewards","Ring quantity is separate from passive stat points.",,
"5a000a58-7d7a-581c-80e3-6ae8661215b7","other-0","0","CONDITIONAL","ANY",,"0","0","0","0","0","0","0","0","0","0","Ring-dependent engine","Stat and physical-speed effects require held rings; no ring count is assumed.",,"true"
"70000000-0000-4000-8000-000000000001","other-0","0","CONDITIONAL","ANY",,"0","0","0","0","0","0","0","0","0","0","Air-trick invincibility","Requires air tricks; no trick or landing event is assumed.",,"false"
"70000000-0000-4000-8000-000000000002","other-0","0","CONDITIONAL","ANY",,"0","0","0","0","0","0","0","0","0","0","Landing boost","Requires accelerating on landing; no landing boost is assumed.",,"true"
"70000000-0000-4000-8000-000000000003","other-0","0","CONDITIONAL","ANY",,"0","0","0","0","0","0","0","0","0","0","Homing-item protection","Consumes held items on a homing hit; no hit is assumed.",,"false"
"70000000-0000-4000-8000-000000000004","other-0","0","CONDITIONAL","ANY",,"0","0","0","0","0","0","0","0","0","0","Finish-line invincibility","Requires approaching the finish line; no race phase is assumed.",,"true"
"70000000-0000-4000-8000-000000000005","other-0","0","CONDITIONAL","ANY",,"0","0","0","0","0","0","0","0","0","0","Evolution stats","Requires rings, collisions, damage or item hits. No events are assumed.",,"true"
"70000000-0000-4000-8000-000000000006","other-0","0","CONDITIONAL","ANY",,"0","0","0","0","0","0","0","0","0","0","Evolution stats","Requires rings, collisions, damage or item hits. No events are assumed.",,"true"
"70000000-0000-4000-8000-000000000007","other-0","0","CONDITIONAL","ANY",,"0","0","0","0","0","0","0","0","0","0","Evolution stats","Requires rings, collisions, damage or item hits. No events are assumed.",,"true"
"70000000-0000-4000-8000-000000000008","other-0","0","CONDITIONAL","ANY",,"0","0","0","0","0","0","0","0","0","0","Evolution stats","Requires rings, collisions, damage or item hits. No events are assumed.",,"true"
"70000000-0000-4000-8000-000000000009","other-0","0","NON_STAT","ANY",,"0","0","0","0","0","0","0","0","0","0","Item summoning","Exchanges rings for an item, not passive stat points.",,
"70000000-0000-4000-8000-000000000010","other-0","0","NON_STAT","ANY",,"0","0","0","0","0","0","0","0","0","0","Omochao items","Changes item availability and ring distribution, not passive stat points.",,
"70000000-0000-4000-8000-000000000011","stats","0","PASSIVE","RACER","BOOST","0","0","0","-5","7","0","0","0","0","0","Matching racer bonus and penalty","Checks racer type BOOST; uses the separately documented non-matching values otherwise.",,
"70000000-0000-4000-8000-000000000011","other-1","1","CONDITIONAL","ANY",,"0","0","0","0","0","0","0","0","0","0","Kit capabilities","Ring rewards require air tricks; no trick event is assumed.",,"false"
"70000000-0000-4000-8000-000000000011","other-2","2","NON_STAT","ANY",,"0","0","0","0","0","0","0","0","0","0","Air-trick timing","Air-trick duration is separate from Boost points.",,
"70000000-0000-4000-8000-000000000012","stats","0","PASSIVE","RACER","POWER","0","0","-5","7","0","0","0","0","0","0","Matching racer bonus and penalty","Checks racer type POWER; uses the separately documented non-matching values otherwise.",,
"70000000-0000-4000-8000-000000000012","other-1","1","CONDITIONAL","ANY",,"0","0","0","0","0","0","0","0","0","0","Kit capabilities","Collision boosts require colliding with another machine.",,"false"
"70000000-0000-4000-8000-000000000012","other-2","2","NON_STAT","ANY",,"0","0","0","0","0","0","0","0","0","0","Slipstream occurrence","Slipstream behavior is separate from Power points.",,
"70000000-0000-4000-8000-000000000013","stats","0","PASSIVE","RACER","HANDLING","-5","0","7","0","0","0","0","0","0","0","Matching racer bonus and penalty","Checks racer type HANDLING; uses the separately documented non-matching values otherwise.",,
"70000000-0000-4000-8000-000000000013","other-1","1","CONDITIONAL","ANY",,"0","0","0","0","0","0","0","0","0","0","Kit capabilities","Ring theft on collision. Exact bundled thief variant remains disputed.",,"false"
"70000000-0000-4000-8000-000000000014","other-0","0","NON_STAT","ANY",,"0","0","0","0","0","0","0","0","0","0","Comeback items and rings","Ring capacity and lap-dependent items are separate from stat points.",,
"70000000-0000-4000-8000-000000000015","other-0","0","CONDITIONAL","ANY",,"0","0","0","0","0","0","0","0","0","0","Transformation stats","Requires water or flight form. Recommended maps do not establish a current form.",,"true"
"70000000-0000-4000-8000-000000000015","other-1","1","NON_STAT","ANY",,"0","0","0","0","0","0","0","0","0","0","Air-trick timing","Air-trick duration is separate from five-stat points.",,
"70000000-0000-4000-8000-000000000016","stats","0","PASSIVE","RACER","ACCELERATION","0","7","0","0","-5","0","0","0","0","0","Matching racer bonus and penalty","Checks racer type ACCELERATION; uses the separately documented non-matching values otherwise.",,
"70000000-0000-4000-8000-000000000016","other-1","1","CONDITIONAL","ANY",,"0","0","0","0","0","0","0","0","0","0","Kit capabilities","Ring rewards require an active slipstream.",,"false"
"70000000-0000-4000-8000-000000000016","other-2","2","CONDITIONAL","ANY",,"0","0","0","0","0","0","0","0","0","0","Ring-collection boost","Requires collecting rings; no collection boost is assumed.",,"false"
"70000000-0000-4000-8000-000000000017","other-0","0","CONDITIONAL","ANY",,"0","0","0","0","0","0","0","0","0","0","Transformation stats","Requires water or flight form. Recommended maps do not establish a current form.",,"true"
"70000000-0000-4000-8000-000000000017","other-1","1","CONDITIONAL","ANY",,"0","0","0","0","0","0","0","0","0","0","Panel and gate rings","Requires crossing a panel or gate.",,"false"
"70000000-0000-4000-8000-000000000018","other-0","0","CONDITIONAL","ANY",,"0","0","0","0","0","0","0","0","0","0","Terrain and transformation effects","Requires particular terrain or water/flight form; no race state is assumed.",,"true"
"70000000-0000-4000-8000-000000000019","other-0","0","NON_STAT","ANY",,"0","0","0","0","0","0","0","0","0","0","Wisp inventory","Changes item capacity and availability, not passive stat points.",,
"70000000-0000-4000-8000-000000000020","stats","0","PASSIVE","RACER","SPEED","7","-5","0","0","0","0","0","0","0","0","Matching racer bonus and penalty","Checks racer type SPEED; uses the separately documented non-matching values otherwise.",,
"70000000-0000-4000-8000-000000000020","other-1","1","CONDITIONAL","ANY",,"0","0","0","0","0","0","0","0","0","0","Kit capabilities","Invincibility at the race start; no race phase is assumed.",,"false"
"70000000-0000-4000-8000-000000000020","other-2","2","CONDITIONAL","ANY",,"0","0","0","0","0","0","0","0","0","0","Starting Boost rings","Requires a successful Starting Boost.",,"false"
"70000000-0000-4000-8000-000000000021","other-0","0","NON_STAT","ANY",,"0","0","0","0","0","0","0","0","0","0","Attack items and rewards","Changes item availability and ring rewards, not passive stat points.",,
"70000000-0000-4000-8000-000000000022","drift-spinner","0","NON_STAT","ANY",,"0","0","0","0","0","0","0","0","0","0","Drift charge timing and knockback","Faster Level 1 drift charging and knockback while drifting are race-time effects, not five-stat point adjustments.",,
"70000000-0000-4000-8000-000000000023","stats","0","PASSIVE","ANY",,"0","0","8","8","0","0","0","0","0","0","Handling and Power bonuses","Always active stat-point adjustment.",,
"70000000-0000-4000-8000-000000000023","other-1","1","CONDITIONAL","ANY",,"0","0","0","0","0","0","0","0","0","0","Panel ring combo","Ring rewards require consecutive panels; no panel event is assumed.",,"false"
"70000000-0000-4000-8000-000000000027","other-0","0","CONDITIONAL","ANY",,"0","0","0","0","0","0","0","0","0","0","Starting Boost rings","Requires a successful Starting Boost; no start event is assumed.",,"false"
"70000000-0000-4000-8000-000000000028","other-0","0","NON_STAT","ANY",,"0","0","0","0","0","0","0","0","0","0","Ring capacity","Ring capacity does not change the five passive stat values.",,
"70000000-0000-4000-8000-000000000029","other-0","0","CONDITIONAL","ANY",,"0","0","0","0","0","0","0","0","0","0","Collision boost","Requires a collision; no collision boost is assumed.",,"false"
"70000000-0000-4000-8000-000000000030","other-0","0","NON_STAT","ANY",,"0","0","0","0","0","0","0","0","0","0","Slipstream occurrence","Slipstream behavior is separate from passive stat points.",,
"70000000-0000-4000-8000-000000000031","other-0","0","CONDITIONAL","ANY",,"0","0","0","0","0","0","0","0","0","0","Ring theft","Requires a collision; no stolen rings are assumed.",,"false"
"70000000-0000-4000-8000-000000000032","other-0","0","CONDITIONAL","ANY",,"0","0","0","0","0","0","0","0","0","0","Mini ring theft","Requires a collision; no stolen rings are assumed.",,"false"
"70000000-0000-4000-8000-000000000033","other-0","0","NON_STAT","ANY",,"0","0","0","0","0","0","0","0","0","0","Recovery duration","Recovery timing is separate from passive stat points.",,
"70000000-0000-4000-8000-000000000034","stats","0","PASSIVE","MACHINE","ACCELERATION","0","20","0","0","0","0","0","0","0","0","Matching machine bonus","Checks machine type ACCELERATION; uses the separately documented non-matching values otherwise.",,
"70000000-0000-4000-8000-000000000034","other-1","1","CONDITIONAL","ANY",,"0","0","0","0","0","0","0","0","0","0","Kit capabilities","Recovery duration after damage; no conversion to stat points.",,"false"
"70000000-0000-4000-8000-000000000035","other-0","0","NON_STAT","ANY",,"0","0","0","0","0","0","0","0","0","0","Wisp item chance","Item probabilities do not change passive stat points.",,
"70000000-0000-4000-8000-000000000036","other-0","0","CONDITIONAL","ANY",,"0","0","0","0","0","0","0","0","0","0","Starting invincibility","Requires the race start; no race phase is assumed.",,"false"
"70000000-0000-4000-8000-000000000037","stats","0","PASSIVE","MACHINE","HANDLING","0","0","20","0","0","0","0","0","0","0","Matching machine bonus","Checks machine type HANDLING; uses the separately documented non-matching values otherwise.",,
"70000000-0000-4000-8000-000000000037","other-1","1","CONDITIONAL","ANY",,"0","0","0","0","0","0","0","0","0","0","Kit capabilities","Level 4 drift charge and invincibility; requires a drift event.",,"false"
"70000000-0000-4000-8000-000000000038","stats","0","PASSIVE","MACHINE","POWER","0","0","0","20","0","0","0","0","0","0","Matching machine bonus","Checks machine type POWER; uses the separately documented non-matching values otherwise.",,
"70000000-0000-4000-8000-000000000038","other-1","1","CONDITIONAL","ANY",,"0","0","0","0","0","0","0","0","0","0","Kit capabilities","Boost on collision; no collision is assumed.",,"false"
"70000000-0000-4000-8000-000000000039","other-0","0","NON_STAT","ANY",,"0","0","0","0","0","0","0","0","0","0","Drift knockback","Drift collision behavior is separate from passive stat points.",,
"70000000-0000-4000-8000-000000000040","other-0","0","NON_STAT","ANY",,"0","0","0","0","0","0","0","0","0","0","Ring loss protection","Changes rings lost to damage, not passive stat points.",,
"70000000-0000-4000-8000-000000000041","other-0","0","NON_STAT","ANY",,"0","0","0","0","0","0","0","0","0","0","Warp Ring items","Changes starting items and item availability, not passive stat points.",,
"70000000-0000-4000-8000-000000000042","other-0","0","NON_STAT","ANY",,"0","0","0","0","0","0","0","0","0","0","Item retention","Keeping held items does not change passive stat points.",,
"70000000-0000-4000-8000-000000000043","other-0","0","CONDITIONAL","ANY",,"0","0","0","0","0","0","0","0","0","0","Timed drift boost","Requires releasing a charged drift at the right time; no boost is assumed.",,"false"
"70000000-0000-4000-8000-000000000044","other-0","0","NON_STAT","ANY",,"0","0","0","0","0","0","0","0","0","0","Drift friction and charge timing","Drift slowdown and charge timing are separate from five-stat points.",,
"70000000-0000-4000-8000-000000000045","other-0","0","CONDITIONAL","ANY",,"0","0","0","0","0","0","0","0","0","0","Lap-dependent stats","Only active on the gadget's specified lap. No current lap is assumed.",,"true"
"70000000-0000-4000-8000-000000000046","other-0","0","CONDITIONAL","ANY",,"0","0","0","0","0","0","0","0","0","0","Lap-dependent stats","Only active on the gadget's specified lap. No current lap is assumed.",,"true"
"70000000-0000-4000-8000-000000000047","other-0","0","CONDITIONAL","ANY",,"0","0","0","0","0","0","0","0","0","0","Lap-dependent stats","Only active on the gadget's specified lap. No current lap is assumed.",,"true"
"70000000-0000-4000-8000-000000000048","other-0","0","CONDITIONAL","ANY",,"0","0","0","0","0","0","0","0","0","0","Lap-dependent stats","Only active on the gadget's specified lap. No current lap is assumed.",,"true"
"70000000-0000-4000-8000-000000000049","stats","0","PASSIVE","MACHINE","SPEED","20","0","0","0","0","0","0","0","0","0","Matching machine bonus","Checks machine type SPEED; uses the separately documented non-matching values otherwise.",,
"70000000-0000-4000-8000-000000000049","other-1","1","CONDITIONAL","ANY",,"0","0","0","0","0","0","0","0","0","0","Kit capabilities","Boosts from collected rings; no collection event is assumed.",,"false"
"70000000-0000-4000-8000-000000000049","other-2","2","NON_STAT","ANY",,"0","0","0","0","0","0","0","0","0","0","Ring collection range","Collection radius is separate from stat points.",,
"70000000-0000-4000-8000-000000000050","stats","0","PASSIVE","ANY",,"0","0","3","0","0","0","0","0","0","0","Handling bonus","Always active stat-point adjustment.",,
"70000000-0000-4000-8000-000000000050","other-1","1","NON_STAT","ANY",,"0","0","0","0","0","0","0","0","0","0","Drift charge timing","Faster Level 1/2 charge is duration, not extra Handling points.",,
"70000000-0000-4000-8000-000000000051","other-0","0","NON_STAT","ANY",,"0","0","0","0","0","0","0","0","0","0","Spin Dash controls and timing","Changes drift controls, slowdown and boost duration, not passive stat points.",,
"70000000-0000-4000-8000-000000000052","stats","0","PASSIVE","MACHINE","SPEED","20","-4","0","0","0","8","0","0","0","0","Machine tuner","Checks machine type SPEED; uses the separately documented non-matching values otherwise.","machine-tuners",
"70000000-0000-4000-8000-000000000053","stats","0","PASSIVE","MACHINE","SPEED","20","-2","0","0","-2","8","0","0","0","0","Machine tuner","Checks machine type SPEED; uses the separately documented non-matching values otherwise.","machine-tuners",
"70000000-0000-4000-8000-000000000054","stats","0","PASSIVE","MACHINE","ACCELERATION","0","20","-4","0","0","0","8","0","0","0","Machine tuner","Checks machine type ACCELERATION; uses the separately documented non-matching values otherwise.","machine-tuners",
"70000000-0000-4000-8000-000000000055","stats","0","PASSIVE","MACHINE","ACCELERATION","0","20","-2","0","-2","0","8","0","0","0","Machine tuner","Checks machine type ACCELERATION; uses the separately documented non-matching values otherwise.","machine-tuners",
"70000000-0000-4000-8000-000000000056","stats","0","PASSIVE","MACHINE","HANDLING","0","0","20","-4","0","0","0","8","0","0","Machine tuner","Checks machine type HANDLING; uses the separately documented non-matching values otherwise.","machine-tuners",
"70000000-0000-4000-8000-000000000057","stats","0","PASSIVE","MACHINE","HANDLING","-2","0","20","-2","0","0","0","8","0","0","Machine tuner","Checks machine type HANDLING; uses the separately documented non-matching values otherwise.","machine-tuners",
"70000000-0000-4000-8000-000000000058","stats","0","PASSIVE","MACHINE","POWER","0","-4","0","20","0","0","0","0","8","0","Machine tuner","Checks machine type POWER; uses the separately documented non-matching values otherwise.","machine-tuners",
"70000000-0000-4000-8000-000000000059","stats","0","PASSIVE","MACHINE","POWER","0","-2","-2","20","0","0","0","0","8","0","Machine tuner","Checks machine type POWER; uses the separately documented non-matching values otherwise.","machine-tuners",
"70000000-0000-4000-8000-000000000060","stats","0","PASSIVE","MACHINE","BOOST","-4","0","0","0","20","0","0","0","0","8","Machine tuner","Checks machine type BOOST; uses the separately documented non-matching values otherwise.","machine-tuners",
"70000000-0000-4000-8000-000000000061","stats","0","PASSIVE","MACHINE","BOOST","-2","0","0","-2","20","0","0","0","0","8","Machine tuner","Checks machine type BOOST; uses the separately documented non-matching values otherwise.","machine-tuners",
"70000000-0000-4000-8000-000000000062","stats","0","PASSIVE","MACHINE","BOOST","0","0","0","0","20","0","0","0","0","0","Matching machine bonus","Checks machine type BOOST; uses the separately documented non-matching values otherwise.",,
"70000000-0000-4000-8000-000000000062","other-1","1","CONDITIONAL","ANY",,"0","0","0","0","0","0","0","0","0","0","Kit capabilities","Rings from drift boosts; no drift event is assumed.",,"false"
"82005d0f-575b-5350-934f-fb108d306a21","other-0","0","NON_STAT","ANY",,"0","0","0","0","0","0","0","0","0","0","Attack item chance","Item probabilities do not change passive stat points.",,
"83284989-3174-5cf8-a5ef-3d443b559b55","other-0","0","NON_STAT","ANY",,"0","0","0","0","0","0","0","0","0","0","Defense item chance","Item probabilities do not change passive stat points.",,
"84c606c3-0540-5a3e-bb92-27185533a89b","other-0","0","NON_STAT","ANY",,"0","0","0","0","0","0","0","0","0","0","Double-item chance","Item quantity does not change passive stat points.",,
"966f8792-a6af-576f-885c-697a33064497","other-0","0","NON_STAT","ANY",,"0","0","0","0","0","0","0","0","0","0","Boost item chance","Item probabilities do not change passive stat points.",,
"97147799-cf1d-5f50-b133-3ff6091574d3","other-0","0","CONDITIONAL","ANY",,"0","0","0","0","0","0","0","0","0","0","Damage invincibility","Requires taking damage; no hit is assumed.",,"false"
"9735d3ab-d53b-52a1-a80d-ed0cb89429c2","other-0","0","CONDITIONAL","ANY",,"0","0","0","0","0","0","0","0","0","0","Final-lap invincibility","Requires the final lap; no race phase is assumed.",,"false"
"ae3d98e8-321c-5e19-b442-a2da09463467","other-0","0","NON_STAT","ANY",,"0","0","0","0","0","0","0","0","0","0","Hazard item chance","Item probabilities do not change passive stat points.",,
"b3002fe1-32a2-5a06-8c07-64d0511811ad","other-0","0","CONDITIONAL","ANY",,"0","0","0","0","0","0","0","0","0","0","Leading-position rings","Requires a leading race position; no ring reward is assumed.",,"false"
"b5f42975-23b3-5a1d-9173-c18d2e584244","other-0","0","CONDITIONAL","ANY",,"0","0","0","0","0","0","0","0","0","0","Damage ring reward","Requires taking damage; no ring reward is assumed.",,"false"
"c857021b-d746-5d73-b54d-ccd594064c80","other-0","0","NON_STAT","ANY",,"0","0","0","0","0","0","0","0","0","0","Rocket Punch items","Changes item size and probability, not passive stat points.",,
"f3b3dd31-9912-5a84-a8db-a76d1f93dcbe","other-0","0","CONDITIONAL","ANY",,"0","0","0","0","0","0","0","0","0","0","Damage item reward","Requires taking damage; no item reward is assumed.",,"false"
"f6f75d95-16dd-538d-89b5-49c71cc8a346","stats","0","PASSIVE","ANY",,"-10","-10","-10","-10","-10","0","0","0","0","0","Five-stat penalty","Always active stat-point adjustment.",,
"f6f75d95-16dd-538d-89b5-49c71cc8a346","other-1","1","NON_STAT","ANY",,"0","0","0","0","0","0","0","0","0","0","Double items","Item quantity does not change the five stat-point values.",,
"f8a1e5bd-b342-5a88-87e1-908adb2e165f","other-0","0","NON_STAT","ANY",,"0","0","0","0","0","0","0","0","0","0","Extra drift charge level","Drift charge levels and invincibility are separate from passive stat points.",,
"84000000-0000-4000-8000-000000000001","other-0","0","CONDITIONAL","ANY",,"0","0","0","0","0","0","0","0","0","0","Air Trick Bounty","Awards rings when performing air tricks. No race event or five-stat adjustment is assumed.",,"false"
"84000000-0000-4000-8000-000000000002","other-0","0","CONDITIONAL","ANY",,"0","0","0","0","0","0","0","0","0","0","Item Attack Bounty","Awards rings after an item hits an opponent. No race event or five-stat adjustment is assumed.",,"false"
"84000000-0000-4000-8000-000000000003","other-0","0","CONDITIONAL","ANY",,"0","0","0","0","0","0","0","0","0","0","Runoff Bounty","Awards rings while crossing runoff areas with a speed item. No race event or five-stat adjustment is assumed.",,"false"
"84000000-0000-4000-8000-000000000004","other-0","0","CONDITIONAL","ANY",,"0","0","0","0","0","0","0","0","0","0","Slipstream Bounty","Awards rings during slipstreams. No race event or five-stat adjustment is assumed.",,"false"
"84000000-0000-4000-8000-000000000005","other-0","0","CONDITIONAL","ANY",,"0","0","0","0","0","0","0","0","0","0","Travel Ring Bounty","Awards rings when passing through a Travel Ring. No race event or five-stat adjustment is assumed.",,"false"
"84000000-0000-4000-8000-000000000006","other-0","0","CONDITIONAL","ANY",,"0","0","0","0","0","0","0","0","0","0","Morph Action Bounty","Awards rings for charge actions in water or flight. No race event or five-stat adjustment is assumed.",,"false"
"84000000-0000-4000-8000-000000000007","other-0","0","CONDITIONAL","ANY",,"0","0","0","0","0","0","0","0","0","0","Perfect Charge Bounty","Awards rings for releasing a drift as its charge level fills. No race event or five-stat adjustment is assumed.",,"false"
"84000000-0000-4000-8000-000000000008","other-0","0","CONDITIONAL","ANY",,"0","0","0","0","0","0","0","0","0","0","Dash Panel Bounty","Awards rings when using dash panels or gates. No race event or five-stat adjustment is assumed.",,"false"
"84000000-0000-4000-8000-000000000009","other-0","0","CONDITIONAL","ANY",,"0","0","0","0","0","0","0","0","0","0","Dash Panel Mini Bounty","Awards a smaller ring reward when using dash panels or gates. No race event or five-stat adjustment is assumed.",,"false"
"84000000-0000-4000-8000-000000000010","other-0","0","CONDITIONAL","ANY",,"0","0","0","0","0","0","0","0","0","0","Dash Panel Combo Bounty","Awards rings for consecutive dash panels. No race event or five-stat adjustment is assumed.",,"false"
"84000000-0000-4000-8000-000000000011","other-0","0","NON_STAT","ANY",,"0","0","0","0","0","0","0","0","0","0","200 Ring Limit","Raises ring capacity to 200. This utility does not supply passive five-stat points.",,
"84000000-0000-4000-8000-000000000012","other-0","0","CONDITIONAL","ANY",,"0","0","0","0","0","0","0","0","0","0","Ring Gain Mini Boost","Briefly increases physical speed when collecting rings. No race event or five-stat adjustment is assumed.",,"false"
"84000000-0000-4000-8000-000000000013","other-0","0","CONDITIONAL","ANY",,"0","0","0","0","0","0","0","0","0","0","Ring Gain Boost","Grants a larger brief physical speed increase when collecting rings. No race event or five-stat adjustment is assumed.",,"false"
"84000000-0000-4000-8000-000000000014","other-0","0","NON_STAT","ANY",,"0","0","0","0","0","0","0","0","0","0","Ring Range UP","Extends the ring pickup range. This utility does not supply passive five-stat points.",,
"84000000-0000-4000-8000-000000000015","other-0","0","CONDITIONAL","ANY",,"0","0","0","0","0","0","0","0","0","0","Air Drift Mobility UP","Changes air drift movement and release behavior in flight form. No race event or five-stat adjustment is assumed.",,"false"
"84000000-0000-4000-8000-000000000016","other-0","0","CONDITIONAL","ANY",,"0","0","0","0","0","0","0","0","0","0","Charge Jump Mobility UP","Increases lateral air trick movement after a charge jump in water form. No race event or five-stat adjustment is assumed.",,"false"
"84000000-0000-4000-8000-000000000017","other-0","0","NON_STAT","ANY",,"0","0","0","0","0","0","0","0","0","0","Air Trick Adept","Increases air trick animation speed. This utility does not supply passive five-stat points.",,
"84000000-0000-4000-8000-000000000018","other-0","0","NON_STAT","ANY",,"0","0","0","0","0","0","0","0","0","0","Air Trick Expert","Increases air trick animation speed more than Air Trick Adept. This utility does not supply passive five-stat points.",,
"84000000-0000-4000-8000-000000000019","other-0","0","NON_STAT","ANY",,"0","0","0","0","0","0","0","0","0","0","Lv1 Quick Charge","Shortens level 1 drift charge time. This utility does not supply passive five-stat points.",,
"84000000-0000-4000-8000-000000000020","other-0","0","NON_STAT","ANY",,"0","0","0","0","0","0","0","0","0","0","Lv2 Quick Charge","Shortens level 2 drift charge time. This utility does not supply passive five-stat points.",,
"84000000-0000-4000-8000-000000000021","other-0","0","NON_STAT","ANY",,"0","0","0","0","0","0","0","0","0","0","Lv3 Quick Charge","Shortens level 3 drift charge time. This utility does not supply passive five-stat points.",,
"84000000-0000-4000-8000-000000000022","other-0","0","CONDITIONAL","ANY",,"0","0","0","0","0","0","0","0","0","0","Technical Drift","Trades drift traction for faster charge in land form. No race event or five-stat adjustment is assumed.",,"false"
"84000000-0000-4000-8000-000000000023","other-0","0","CONDITIONAL","ANY",,"0","0","0","0","0","0","0","0","0","0","Counter Quick Charge","Accelerates charging when changing drift direction in land form. No race event or five-stat adjustment is assumed.",,"false"
"84000000-0000-4000-8000-000000000024","other-0","0","CONDITIONAL","ANY",,"0","0","0","0","0","0","0","0","0","0","Maximum Traction","Reduces slipping on sand and ice. No race event or five-stat adjustment is assumed.",,"false"
"84000000-0000-4000-8000-000000000025","other-0","0","CONDITIONAL","ANY",,"0","0","0","0","0","0","0","0","0","0","Second Wind","Grants a Boost item after falling off the course. No race event or five-stat adjustment is assumed.",,"false"
"84000000-0000-4000-8000-000000000026","other-0","0","CONDITIONAL","ANY",,"0","0","0","0","0","0","0","0","0","0","Bumper Guard","Prevents ring loss from wall contact. No race event or five-stat adjustment is assumed.",,"false"
"84000000-0000-4000-8000-000000000027","other-0","0","CONDITIONAL","ANY",,"0","0","0","0","0","0","0","0","0","0","Boost Starter","Grants a Boost item at race start. No race event or five-stat adjustment is assumed.",,"false"
"84000000-0000-4000-8000-000000000028","other-0","0","NON_STAT","ANY",,"0","0","0","0","0","0","0","0","0","0","Double Boost Specialist","Adds Double Boost to item boxes and grants one at race start. This utility does not supply passive five-stat points.",,
"84000000-0000-4000-8000-000000000029","other-0","0","CONDITIONAL","ANY",,"0","0","0","0","0","0","0","0","0","0","Dark Chao Starter","Grants a Dark Chao item at race start. No race event or five-stat adjustment is assumed.",,"false"
"84000000-0000-4000-8000-000000000030","other-0","0","NON_STAT","ANY",,"0","0","0","0","0","0","0","0","0","0","Giant Spiked Iron Ball","Increases Spiked Iron Ball size and item availability. This utility does not supply passive five-stat points.",,
"84000000-0000-4000-8000-000000000031","other-0","0","NON_STAT","ANY",,"0","0","0","0","0","0","0","0","0","0","Short Fuse","Speeds up Bomb charging and increases its item availability. This utility does not supply passive five-stat points.",,
"84000000-0000-4000-8000-000000000032","other-0","0","CONDITIONAL","ANY",,"0","0","0","0","0","0","0","0","0","0","Monster Truck Starter","Grants a Monster Truck item at race start. No race event or five-stat adjustment is assumed.",,"false"
"84000000-0000-4000-8000-000000000033","other-0","0","CONDITIONAL","ANY",,"0","0","0","0","0","0","0","0","0","0","Item Hoarder Kit","Combines extra item capacity with item rewards at the start of later laps. No race event or five-stat adjustment is assumed.",,"false"
"84000000-0000-4000-8000-000000000034","other-0","0","CONDITIONAL","ANY",,"0","0","0","0","0","0","0","0","0","0","Damage Support Kit","Combines starting invincibility with a Boost item after falling off the course. No race event or five-stat adjustment is assumed.",,"false"
"84000000-0000-4000-8000-000000000035","other-0","0","UNSUPPORTED","ANY",,"0","0","0","0","0","0","0","0","0","0","Perfect Charge Kit","Identity and cost are reviewed; full kit effects remain unsupported. Unknown is not zero.",,
"84000000-0000-4000-8000-000000000036","other-0","0","UNSUPPORTED","ANY",,"0","0","0","0","0","0","0","0","0","0","Speedy Shortcut Kit","Identity and cost are reviewed; full kit effects remain unsupported. Unknown is not zero.",,
"84000000-0000-4000-8000-000000000037","other-0","0","UNSUPPORTED","ANY",,"0","0","0","0","0","0","0","0","0","0","Air Trick Action Kit","Identity and cost are reviewed; full kit effects remain unsupported. Unknown is not zero.",,
"84000000-0000-4000-8000-000000000038","other-0","0","UNSUPPORTED","ANY",,"0","0","0","0","0","0","0","0","0","0","4th Stage Charge Kit","Identity and cost are reviewed; full kit effects remain unsupported. Unknown is not zero.",,
