racer_id,speed,acceleration,handling,power,boost
0093f0e6-3a7c-57ad-af1a-6f7db022fa09,5,15,20,7,13
013ecae2-55b9-58bb-b1c5-b054578058ff,20,5,13,15,7
27768822-1ef3-599f-b8b6-a65d67693034,13,8,5,18,16
60000000-0000-4000-8000-000000000001,7,14,19,9,11
60000000-0000-4000-8000-000000000002,7,13,20,9,11
60000000-0000-4000-8000-000000000003,20,7,11,13,9
60000000-0000-4000-8000-000000000004,5,16,19,7,13
60000000-0000-4000-8000-000000000005,11,9,7,20,13
60000000-0000-4000-8000-000000000006,13,7,5,19,16
60000000-0000-4000-8000-000000000007,17,5,14,16,8
60000000-0000-4000-8000-000000000008,14,18,10,11,7
60000000-0000-4000-8000-000000000009,13,7,5,20,15
60000000-0000-4000-8000-000000000010,16,18,8,13,5
60000000-0000-4000-8000-000000000011,14,8,5,17,16
60000000-0000-4000-8000-000000000012,19,5,13,16,7
60000000-0000-4000-8000-000000000013,16,17,8,14,5
60000000-0000-4000-8000-000000000014,14,17,10,12,7
60000000-0000-4000-8000-000000000015,19,7,11,14,9
60000000-0000-4000-8000-000000000016,16,19,7,13,5
60000000-0000-4000-8000-000000000017,11,9,7,19,14
60000000-0000-4000-8000-000000000018,9,14,15,6,16
60000000-0000-4000-8000-000000000019,7,14,18,10,11
60000000-0000-4000-8000-000000000020,12,11,8,16,13
60000000-0000-4000-8000-000000000021,17,6,13,15,9
60000000-0000-4000-8000-000000000022,5,16,17,8,14
60000000-0000-4000-8000-000000000023,15,16,9,14,6
60000000-0000-4000-8000-000000000024,7,13,16,5,19
60000000-0000-4000-8000-000000000025,17,7,12,14,10
60000000-0000-4000-8000-000000000026,13,16,11,12,8
60000000-0000-4000-8000-000000000027,6,15,16,9,14
60000000-0000-4000-8000-000000000028,20,5,13,15,7
60000000-0000-4000-8000-000000000029,14,17,10,12,7
60000000-0000-4000-8000-000000000031,12,9,6,18,15
60000000-0000-4000-8000-000000000032,11,10,7,18,14
60000000-0000-4000-8000-000000000033,14,19,9,11,7
60000000-0000-4000-8000-000000000034,7,14,16,10,13
60000000-0000-4000-8000-000000000035,13,9,6,17,15
60000000-0000-4000-8000-000000000036,15,18,9,12,6
60000000-0000-4000-8000-000000000037,18,6,12,15,9
60000000-0000-4000-8000-000000000038,12,8,6,19,15
60000000-0000-4000-8000-000000000039,17,7,12,14,10
60000000-0000-4000-8000-000000000040,17,5,14,16,8
60000000-0000-4000-8000-000000000041,11,9,7,20,13
60000000-0000-4000-8000-000000000042,7,14,19,9,11
60000000-0000-4000-8000-000000000043,14,18,10,11,7
60000000-0000-4000-8000-000000000044,15,20,7,13,5
60000000-0000-4000-8000-000000000045,13,7,5,20,15
60000000-0000-4000-8000-000000000046,5,15,20,7,13
60000000-0000-4000-8000-000000000047,14,9,6,16,15
81000000-0000-4000-8000-000000000001,6,15,17,9,13
8422764a-dba4-5b63-b072-7eaa544e3587,15,20,7,13,5
e1871d41-6751-5230-b831-b98e65a64b41,12,10,7,17,14
e3c98730-beba-5b2e-8b2b-01de087c8bd1,20,7,11,13,9
