effect_type,gadget_id,effect_id,position,url
"PASSIVE","174ea0a3-43bb-5001-bbd4-8b598482fe59","other-0","0","https://docs.google.com/spreadsheets/u/0/d/1_B2mHZUP6J6jeZfcwbM2HkLvjkwMYuACE4l6Ktt-UkI/htmlview/sheet?headers=true&gid=0"
"PASSIVE","174ea0a3-43bb-5001-bbd4-8b598482fe59","other-0","1","https://asia.sega.com/SonicRacingCrossWorlds/en/update/v-1-4-1.html"
"PASSIVE","175c2797-0be5-571a-99ac-af4bfdbf58a4","other-0","0","https://docs.google.com/spreadsheets/u/0/d/1_B2mHZUP6J6jeZfcwbM2HkLvjkwMYuACE4l6Ktt-UkI/htmlview/sheet?headers=true&gid=0"
"PASSIVE","175c2797-0be5-571a-99ac-af4bfdbf58a4","other-0","1","https://asia.sega.com/SonicRacingCrossWorlds/en/update/v-1-4-1.html"
"PASSIVE","180a09fc-0034-5f56-be95-2938ce9ed61d","other-0","0","https://docs.google.com/spreadsheets/u/0/d/1_B2mHZUP6J6jeZfcwbM2HkLvjkwMYuACE4l6Ktt-UkI/htmlview/sheet?headers=true&gid=0"
"PASSIVE","180a09fc-0034-5f56-be95-2938ce9ed61d","other-0","1","https://asia.sega.com/SonicRacingCrossWorlds/en/update/v-1-4-1.html"
"PASSIVE","182bdfa8-44d3-5de8-941b-d525381dd0a3","other-0","0","https://docs.google.com/spreadsheets/u/0/d/1_B2mHZUP6J6jeZfcwbM2HkLvjkwMYuACE4l6Ktt-UkI/htmlview/sheet?headers=true&gid=0"
"PASSIVE","182bdfa8-44d3-5de8-941b-d525381dd0a3","other-0","1","https://asia.sega.com/SonicRacingCrossWorlds/en/update/v-1-4-1.html"
"PASSIVE","238359e7-ba2a-582d-bc82-6ab1c14b0284","other-0","0","https://docs.google.com/spreadsheets/u/0/d/1_B2mHZUP6J6jeZfcwbM2HkLvjkwMYuACE4l6Ktt-UkI/htmlview/sheet?headers=true&gid=0"
"PASSIVE","238359e7-ba2a-582d-bc82-6ab1c14b0284","other-0","1","https://asia.sega.com/SonicRacingCrossWorlds/en/update/v-1-4-1.html"
"PASSIVE","3130026a-75cc-50c9-94ba-4748263acbfd","other-0","0","https://docs.google.com/spreadsheets/u/0/d/1_B2mHZUP6J6jeZfcwbM2HkLvjkwMYuACE4l6Ktt-UkI/htmlview/sheet?headers=true&gid=0"
"PASSIVE","3130026a-75cc-50c9-94ba-4748263acbfd","other-0","1","https://asia.sega.com/SonicRacingCrossWorlds/en/update/v-1-4-1.html"
"PASSIVE","5a000a58-7d7a-581c-80e3-6ae8661215b7","other-0","0","https://docs.google.com/spreadsheets/u/0/d/1_B2mHZUP6J6jeZfcwbM2HkLvjkwMYuACE4l6Ktt-UkI/htmlview/sheet?headers=true&gid=0"
"PASSIVE","5a000a58-7d7a-581c-80e3-6ae8661215b7","other-0","1","https://asia.sega.com/SonicRacingCrossWorlds/en/update/v-1-4-1.html"
"PASSIVE","70000000-0000-4000-8000-000000000001","other-0","0","https://docs.google.com/spreadsheets/u/0/d/1_B2mHZUP6J6jeZfcwbM2HkLvjkwMYuACE4l6Ktt-UkI/htmlview/sheet?headers=true&gid=0"
"PASSIVE","70000000-0000-4000-8000-000000000001","other-0","1","https://asia.sega.com/SonicRacingCrossWorlds/en/update/v-1-4-1.html"
"PASSIVE","70000000-0000-4000-8000-000000000002","other-0","0","https://docs.google.com/spreadsheets/u/0/d/1_B2mHZUP6J6jeZfcwbM2HkLvjkwMYuACE4l6Ktt-UkI/htmlview/sheet?headers=true&gid=0"
"PASSIVE","70000000-0000-4000-8000-000000000002","other-0","1","https://asia.sega.com/SonicRacingCrossWorlds/en/update/v-1-4-1.html"
"PASSIVE","70000000-0000-4000-8000-000000000003","other-0","0","https://docs.google.com/spreadsheets/u/0/d/1_B2mHZUP6J6jeZfcwbM2HkLvjkwMYuACE4l6Ktt-UkI/htmlview/sheet?headers=true&gid=0"
"PASSIVE","70000000-0000-4000-8000-000000000003","other-0","1","https://asia.sega.com/SonicRacingCrossWorlds/en/update/v-1-4-1.html"
"PASSIVE","70000000-0000-4000-8000-000000000004","other-0","0","https://docs.google.com/spreadsheets/u/0/d/1_B2mHZUP6J6jeZfcwbM2HkLvjkwMYuACE4l6Ktt-UkI/htmlview/sheet?headers=true&gid=0"
"PASSIVE","70000000-0000-4000-8000-000000000004","other-0","1","https://asia.sega.com/SonicRacingCrossWorlds/en/update/v-1-4-1.html"
"PASSIVE","70000000-0000-4000-8000-000000000005","other-0","0","https://docs.google.com/spreadsheets/u/0/d/1_B2mHZUP6J6jeZfcwbM2HkLvjkwMYuACE4l6Ktt-UkI/htmlview/sheet?headers=true&gid=0"
"PASSIVE","70000000-0000-4000-8000-000000000005","other-0","1","https://asia.sega.com/SonicRacingCrossWorlds/en/update/v-1-4-1.html"
"PASSIVE","70000000-0000-4000-8000-000000000005","other-0","2","https://w.atwiki.jp/sonicracingcw/pages/45.html"
"PASSIVE","70000000-0000-4000-8000-000000000006","other-0","0","https://docs.google.com/spreadsheets/u/0/d/1_B2mHZUP6J6jeZfcwbM2HkLvjkwMYuACE4l6Ktt-UkI/htmlview/sheet?headers=true&gid=0"
"PASSIVE","70000000-0000-4000-8000-000000000006","other-0","1","https://asia.sega.com/SonicRacingCrossWorlds/en/update/v-1-4-1.html"
"PASSIVE","70000000-0000-4000-8000-000000000006","other-0","2","https://w.atwiki.jp/sonicracingcw/pages/45.html"
"PASSIVE","70000000-0000-4000-8000-000000000007","other-0","0","https://docs.google.com/spreadsheets/u/0/d/1_B2mHZUP6J6jeZfcwbM2HkLvjkwMYuACE4l6Ktt-UkI/htmlview/sheet?headers=true&gid=0"
"PASSIVE","70000000-0000-4000-8000-000000000007","other-0","1","https://asia.sega.com/SonicRacingCrossWorlds/en/update/v-1-4-1.html"
"PASSIVE","70000000-0000-4000-8000-000000000007","other-0","2","https://w.atwiki.jp/sonicracingcw/pages/45.html"
"PASSIVE","70000000-0000-4000-8000-000000000008","other-0","0","https://docs.google.com/spreadsheets/u/0/d/1_B2mHZUP6J6jeZfcwbM2HkLvjkwMYuACE4l6Ktt-UkI/htmlview/sheet?headers=true&gid=0"
"PASSIVE","70000000-0000-4000-8000-000000000008","other-0","1","https://asia.sega.com/SonicRacingCrossWorlds/en/update/v-1-4-1.html"
"PASSIVE","70000000-0000-4000-8000-000000000008","other-0","2","https://w.atwiki.jp/sonicracingcw/pages/45.html"
"PASSIVE","70000000-0000-4000-8000-000000000009","other-0","0","https://docs.google.com/spreadsheets/u/0/d/1_B2mHZUP6J6jeZfcwbM2HkLvjkwMYuACE4l6Ktt-UkI/htmlview/sheet?headers=true&gid=0"
"PASSIVE","70000000-0000-4000-8000-000000000009","other-0","1","https://asia.sega.com/SonicRacingCrossWorlds/en/update/v-1-4-1.html"
"PASSIVE","70000000-0000-4000-8000-000000000010","other-0","0","https://docs.google.com/spreadsheets/u/0/d/1_B2mHZUP6J6jeZfcwbM2HkLvjkwMYuACE4l6Ktt-UkI/htmlview/sheet?headers=true&gid=0"
"PASSIVE","70000000-0000-4000-8000-000000000010","other-0","1","https://asia.sega.com/SonicRacingCrossWorlds/en/update/v-1-4-1.html"
"PASSIVE","70000000-0000-4000-8000-000000000011","stats","0","https://docs.google.com/spreadsheets/u/0/d/1_B2mHZUP6J6jeZfcwbM2HkLvjkwMYuACE4l6Ktt-UkI/htmlview/sheet?headers=true&gid=0"
"PASSIVE","70000000-0000-4000-8000-000000000011","stats","1","https://asia.sega.com/SonicRacingCrossWorlds/en/update/v-1-4-1.html"
"PASSIVE","70000000-0000-4000-8000-000000000011","stats","2","https://w.atwiki.jp/sonicracingcw/pages/56.html"
"PASSIVE","70000000-0000-4000-8000-000000000011","other-1","0","https://docs.google.com/spreadsheets/u/0/d/1_B2mHZUP6J6jeZfcwbM2HkLvjkwMYuACE4l6Ktt-UkI/htmlview/sheet?headers=true&gid=0"
"PASSIVE","70000000-0000-4000-8000-000000000011","other-1","1","https://asia.sega.com/SonicRacingCrossWorlds/en/update/v-1-4-1.html"
"PASSIVE","70000000-0000-4000-8000-000000000011","other-1","2","https://w.atwiki.jp/sonicracingcw/pages/56.html"
"PASSIVE","70000000-0000-4000-8000-000000000011","other-2","0","https://docs.google.com/spreadsheets/u/0/d/1_B2mHZUP6J6jeZfcwbM2HkLvjkwMYuACE4l6Ktt-UkI/htmlview/sheet?headers=true&gid=0"
"PASSIVE","70000000-0000-4000-8000-000000000011","other-2","1","https://asia.sega.com/SonicRacingCrossWorlds/en/update/v-1-4-1.html"
"PASSIVE","70000000-0000-4000-8000-000000000011","other-2","2","https://w.atwiki.jp/sonicracingcw/pages/56.html"
"PASSIVE","70000000-0000-4000-8000-000000000012","stats","0","https://docs.google.com/spreadsheets/u/0/d/1_B2mHZUP6J6jeZfcwbM2HkLvjkwMYuACE4l6Ktt-UkI/htmlview/sheet?headers=true&gid=0"
"PASSIVE","70000000-0000-4000-8000-000000000012","stats","1","https://asia.sega.com/SonicRacingCrossWorlds/en/update/v-1-4-1.html"
"PASSIVE","70000000-0000-4000-8000-000000000012","stats","2","https://w.atwiki.jp/sonicracingcw/pages/56.html"
"PASSIVE","70000000-0000-4000-8000-000000000012","other-1","0","https://docs.google.com/spreadsheets/u/0/d/1_B2mHZUP6J6jeZfcwbM2HkLvjkwMYuACE4l6Ktt-UkI/htmlview/sheet?headers=true&gid=0"
"PASSIVE","70000000-0000-4000-8000-000000000012","other-1","1","https://asia.sega.com/SonicRacingCrossWorlds/en/update/v-1-4-1.html"
"PASSIVE","70000000-0000-4000-8000-000000000012","other-1","2","https://w.atwiki.jp/sonicracingcw/pages/56.html"
"PASSIVE","70000000-0000-4000-8000-000000000012","other-2","0","https://docs.google.com/spreadsheets/u/0/d/1_B2mHZUP6J6jeZfcwbM2HkLvjkwMYuACE4l6Ktt-UkI/htmlview/sheet?headers=true&gid=0"
"PASSIVE","70000000-0000-4000-8000-000000000012","other-2","1","https://asia.sega.com/SonicRacingCrossWorlds/en/update/v-1-4-1.html"
"PASSIVE","70000000-0000-4000-8000-000000000012","other-2","2","https://w.atwiki.jp/sonicracingcw/pages/56.html"
"PASSIVE","70000000-0000-4000-8000-000000000013","stats","0","https://docs.google.com/spreadsheets/u/0/d/1_B2mHZUP6J6jeZfcwbM2HkLvjkwMYuACE4l6Ktt-UkI/htmlview/sheet?headers=true&gid=0"
"PASSIVE","70000000-0000-4000-8000-000000000013","stats","1","https://asia.sega.com/SonicRacingCrossWorlds/en/update/v-1-4-1.html"
"PASSIVE","70000000-0000-4000-8000-000000000013","stats","2","https://w.atwiki.jp/sonicracingcw/pages/56.html"
"PASSIVE","70000000-0000-4000-8000-000000000013","other-1","0","https://docs.google.com/spreadsheets/u/0/d/1_B2mHZUP6J6jeZfcwbM2HkLvjkwMYuACE4l6Ktt-UkI/htmlview/sheet?headers=true&gid=0"
"PASSIVE","70000000-0000-4000-8000-000000000013","other-1","1","https://asia.sega.com/SonicRacingCrossWorlds/en/update/v-1-4-1.html"
"PASSIVE","70000000-0000-4000-8000-000000000013","other-1","2","https://w.atwiki.jp/sonicracingcw/pages/56.html"
"PASSIVE","70000000-0000-4000-8000-000000000014","other-0","0","https://docs.google.com/spreadsheets/u/0/d/1_B2mHZUP6J6jeZfcwbM2HkLvjkwMYuACE4l6Ktt-UkI/htmlview/sheet?headers=true&gid=0"
"PASSIVE","70000000-0000-4000-8000-000000000014","other-0","1","https://asia.sega.com/SonicRacingCrossWorlds/en/update/v-1-4-1.html"
"PASSIVE","70000000-0000-4000-8000-000000000015","other-0","0","https://docs.google.com/spreadsheets/u/0/d/1_B2mHZUP6J6jeZfcwbM2HkLvjkwMYuACE4l6Ktt-UkI/htmlview/sheet?headers=true&gid=0"
"PASSIVE","70000000-0000-4000-8000-000000000015","other-0","1","https://asia.sega.com/SonicRacingCrossWorlds/en/update/v-1-4-1.html"
"PASSIVE","70000000-0000-4000-8000-000000000015","other-1","0","https://docs.google.com/spreadsheets/u/0/d/1_B2mHZUP6J6jeZfcwbM2HkLvjkwMYuACE4l6Ktt-UkI/htmlview/sheet?headers=true&gid=0"
"PASSIVE","70000000-0000-4000-8000-000000000015","other-1","1","https://asia.sega.com/SonicRacingCrossWorlds/en/update/v-1-4-1.html"
"PASSIVE","70000000-0000-4000-8000-000000000016","stats","0","https://docs.google.com/spreadsheets/u/0/d/1_B2mHZUP6J6jeZfcwbM2HkLvjkwMYuACE4l6Ktt-UkI/htmlview/sheet?headers=true&gid=0"
"PASSIVE","70000000-0000-4000-8000-000000000016","stats","1","https://asia.sega.com/SonicRacingCrossWorlds/en/update/v-1-4-1.html"
"PASSIVE","70000000-0000-4000-8000-000000000016","stats","2","https://w.atwiki.jp/sonicracingcw/pages/56.html"
"PASSIVE","70000000-0000-4000-8000-000000000016","other-1","0","https://docs.google.com/spreadsheets/u/0/d/1_B2mHZUP6J6jeZfcwbM2HkLvjkwMYuACE4l6Ktt-UkI/htmlview/sheet?headers=true&gid=0"
"PASSIVE","70000000-0000-4000-8000-000000000016","other-1","1","https://asia.sega.com/SonicRacingCrossWorlds/en/update/v-1-4-1.html"
"PASSIVE","70000000-0000-4000-8000-000000000016","other-1","2","https://w.atwiki.jp/sonicracingcw/pages/56.html"
"PASSIVE","70000000-0000-4000-8000-000000000016","other-2","0","https://docs.google.com/spreadsheets/u/0/d/1_B2mHZUP6J6jeZfcwbM2HkLvjkwMYuACE4l6Ktt-UkI/htmlview/sheet?headers=true&gid=0"
"PASSIVE","70000000-0000-4000-8000-000000000016","other-2","1","https://asia.sega.com/SonicRacingCrossWorlds/en/update/v-1-4-1.html"
"PASSIVE","70000000-0000-4000-8000-000000000016","other-2","2","https://w.atwiki.jp/sonicracingcw/pages/56.html"
"PASSIVE","70000000-0000-4000-8000-000000000017","other-0","0","https://docs.google.com/spreadsheets/u/0/d/1_B2mHZUP6J6jeZfcwbM2HkLvjkwMYuACE4l6Ktt-UkI/htmlview/sheet?headers=true&gid=0"
"PASSIVE","70000000-0000-4000-8000-000000000017","other-0","1","https://asia.sega.com/SonicRacingCrossWorlds/en/update/v-1-4-1.html"
"PASSIVE","70000000-0000-4000-8000-000000000017","other-1","0","https://docs.google.com/spreadsheets/u/0/d/1_B2mHZUP6J6jeZfcwbM2HkLvjkwMYuACE4l6Ktt-UkI/htmlview/sheet?headers=true&gid=0"
"PASSIVE","70000000-0000-4000-8000-000000000017","other-1","1","https://asia.sega.com/SonicRacingCrossWorlds/en/update/v-1-4-1.html"
"PASSIVE","70000000-0000-4000-8000-000000000018","other-0","0","https://docs.google.com/spreadsheets/u/0/d/1_B2mHZUP6J6jeZfcwbM2HkLvjkwMYuACE4l6Ktt-UkI/htmlview/sheet?headers=true&gid=0"
"PASSIVE","70000000-0000-4000-8000-000000000018","other-0","1","https://asia.sega.com/SonicRacingCrossWorlds/en/update/v-1-4-1.html"
"PASSIVE","70000000-0000-4000-8000-000000000019","other-0","0","https://docs.google.com/spreadsheets/u/0/d/1_B2mHZUP6J6jeZfcwbM2HkLvjkwMYuACE4l6Ktt-UkI/htmlview/sheet?headers=true&gid=0"
"PASSIVE","70000000-0000-4000-8000-000000000019","other-0","1","https://asia.sega.com/SonicRacingCrossWorlds/en/update/v-1-4-1.html"
"PASSIVE","70000000-0000-4000-8000-000000000020","stats","0","https://docs.google.com/spreadsheets/u/0/d/1_B2mHZUP6J6jeZfcwbM2HkLvjkwMYuACE4l6Ktt-UkI/htmlview/sheet?headers=true&gid=0"
"PASSIVE","70000000-0000-4000-8000-000000000020","stats","1","https://asia.sega.com/SonicRacingCrossWorlds/en/update/v-1-4-1.html"
"PASSIVE","70000000-0000-4000-8000-000000000020","stats","2","https://w.atwiki.jp/sonicracingcw/pages/56.html"
"PASSIVE","70000000-0000-4000-8000-000000000020","other-1","0","https://docs.google.com/spreadsheets/u/0/d/1_B2mHZUP6J6jeZfcwbM2HkLvjkwMYuACE4l6Ktt-UkI/htmlview/sheet?headers=true&gid=0"
"PASSIVE","70000000-0000-4000-8000-000000000020","other-1","1","https://asia.sega.com/SonicRacingCrossWorlds/en/update/v-1-4-1.html"
"PASSIVE","70000000-0000-4000-8000-000000000020","other-1","2","https://w.atwiki.jp/sonicracingcw/pages/56.html"
"PASSIVE","70000000-0000-4000-8000-000000000020","other-2","0","https://docs.google.com/spreadsheets/u/0/d/1_B2mHZUP6J6jeZfcwbM2HkLvjkwMYuACE4l6Ktt-UkI/htmlview/sheet?headers=true&gid=0"
"PASSIVE","70000000-0000-4000-8000-000000000020","other-2","1","https://asia.sega.com/SonicRacingCrossWorlds/en/update/v-1-4-1.html"
"PASSIVE","70000000-0000-4000-8000-000000000020","other-2","2","https://w.atwiki.jp/sonicracingcw/pages/56.html"
"PASSIVE","70000000-0000-4000-8000-000000000021","other-0","0","https://docs.google.com/spreadsheets/u/0/d/1_B2mHZUP6J6jeZfcwbM2HkLvjkwMYuACE4l6Ktt-UkI/htmlview/sheet?headers=true&gid=0"
"PASSIVE","70000000-0000-4000-8000-000000000021","other-0","1","https://asia.sega.com/SonicRacingCrossWorlds/en/update/v-1-4-1.html"
"PASSIVE","70000000-0000-4000-8000-000000000022","drift-spinner","0","https://sonic.fandom.com/wiki/Gadget_(Sonic_Racing%3A_CrossWorlds)"
"PASSIVE","70000000-0000-4000-8000-000000000023","stats","0","https://docs.google.com/spreadsheets/u/0/d/1_B2mHZUP6J6jeZfcwbM2HkLvjkwMYuACE4l6Ktt-UkI/htmlview/sheet?headers=true&gid=0"
"PASSIVE","70000000-0000-4000-8000-000000000023","stats","1","https://asia.sega.com/SonicRacingCrossWorlds/en/update/v-1-4-1.html"
"PASSIVE","70000000-0000-4000-8000-000000000023","stats","2","https://w.atwiki.jp/sonicracingcw/pages/88.html"
"PASSIVE","70000000-0000-4000-8000-000000000023","other-1","0","https://docs.google.com/spreadsheets/u/0/d/1_B2mHZUP6J6jeZfcwbM2HkLvjkwMYuACE4l6Ktt-UkI/htmlview/sheet?headers=true&gid=0"
"PASSIVE","70000000-0000-4000-8000-000000000023","other-1","1","https://asia.sega.com/SonicRacingCrossWorlds/en/update/v-1-4-1.html"
"PASSIVE","70000000-0000-4000-8000-000000000023","other-1","2","https://w.atwiki.jp/sonicracingcw/pages/88.html"
"PASSIVE","70000000-0000-4000-8000-000000000027","other-0","0","https://docs.google.com/spreadsheets/u/0/d/1_B2mHZUP6J6jeZfcwbM2HkLvjkwMYuACE4l6Ktt-UkI/htmlview/sheet?headers=true&gid=0"
"PASSIVE","70000000-0000-4000-8000-000000000027","other-0","1","https://asia.sega.com/SonicRacingCrossWorlds/en/update/v-1-4-1.html"
"PASSIVE","70000000-0000-4000-8000-000000000028","other-0","0","https://docs.google.com/spreadsheets/u/0/d/1_B2mHZUP6J6jeZfcwbM2HkLvjkwMYuACE4l6Ktt-UkI/htmlview/sheet?headers=true&gid=0"
"PASSIVE","70000000-0000-4000-8000-000000000028","other-0","1","https://asia.sega.com/SonicRacingCrossWorlds/en/update/v-1-4-1.html"
"PASSIVE","70000000-0000-4000-8000-000000000029","other-0","0","https://docs.google.com/spreadsheets/u/0/d/1_B2mHZUP6J6jeZfcwbM2HkLvjkwMYuACE4l6Ktt-UkI/htmlview/sheet?headers=true&gid=0"
"PASSIVE","70000000-0000-4000-8000-000000000029","other-0","1","https://asia.sega.com/SonicRacingCrossWorlds/en/update/v-1-4-1.html"
"PASSIVE","70000000-0000-4000-8000-000000000030","other-0","0","https://docs.google.com/spreadsheets/u/0/d/1_B2mHZUP6J6jeZfcwbM2HkLvjkwMYuACE4l6Ktt-UkI/htmlview/sheet?headers=true&gid=0"
"PASSIVE","70000000-0000-4000-8000-000000000030","other-0","1","https://asia.sega.com/SonicRacingCrossWorlds/en/update/v-1-4-1.html"
"PASSIVE","70000000-0000-4000-8000-000000000031","other-0","0","https://docs.google.com/spreadsheets/u/0/d/1_B2mHZUP6J6jeZfcwbM2HkLvjkwMYuACE4l6Ktt-UkI/htmlview/sheet?headers=true&gid=0"
"PASSIVE","70000000-0000-4000-8000-000000000031","other-0","1","https://asia.sega.com/SonicRacingCrossWorlds/en/update/v-1-4-1.html"
"PASSIVE","70000000-0000-4000-8000-000000000032","other-0","0","https://docs.google.com/spreadsheets/u/0/d/1_B2mHZUP6J6jeZfcwbM2HkLvjkwMYuACE4l6Ktt-UkI/htmlview/sheet?headers=true&gid=0"
"PASSIVE","70000000-0000-4000-8000-000000000032","other-0","1","https://asia.sega.com/SonicRacingCrossWorlds/en/update/v-1-4-1.html"
"PASSIVE","70000000-0000-4000-8000-000000000033","other-0","0","https://docs.google.com/spreadsheets/u/0/d/1_B2mHZUP6J6jeZfcwbM2HkLvjkwMYuACE4l6Ktt-UkI/htmlview/sheet?headers=true&gid=0"
"PASSIVE","70000000-0000-4000-8000-000000000033","other-0","1","https://asia.sega.com/SonicRacingCrossWorlds/en/update/v-1-4-1.html"
"PASSIVE","70000000-0000-4000-8000-000000000034","stats","0","https://docs.google.com/spreadsheets/u/0/d/1_B2mHZUP6J6jeZfcwbM2HkLvjkwMYuACE4l6Ktt-UkI/htmlview/sheet?headers=true&gid=0"
"PASSIVE","70000000-0000-4000-8000-000000000034","stats","1","https://asia.sega.com/SonicRacingCrossWorlds/en/update/v-1-4-1.html"
"PASSIVE","70000000-0000-4000-8000-000000000034","stats","2","https://w.atwiki.jp/sonicracingcw/pages/37.html"
"PASSIVE","70000000-0000-4000-8000-000000000034","other-1","0","https://docs.google.com/spreadsheets/u/0/d/1_B2mHZUP6J6jeZfcwbM2HkLvjkwMYuACE4l6Ktt-UkI/htmlview/sheet?headers=true&gid=0"
"PASSIVE","70000000-0000-4000-8000-000000000034","other-1","1","https://asia.sega.com/SonicRacingCrossWorlds/en/update/v-1-4-1.html"
"PASSIVE","70000000-0000-4000-8000-000000000034","other-1","2","https://w.atwiki.jp/sonicracingcw/pages/37.html"
"PASSIVE","70000000-0000-4000-8000-000000000035","other-0","0","https://docs.google.com/spreadsheets/u/0/d/1_B2mHZUP6J6jeZfcwbM2HkLvjkwMYuACE4l6Ktt-UkI/htmlview/sheet?headers=true&gid=0"
"PASSIVE","70000000-0000-4000-8000-000000000035","other-0","1","https://asia.sega.com/SonicRacingCrossWorlds/en/update/v-1-4-1.html"
"PASSIVE","70000000-0000-4000-8000-000000000036","other-0","0","https://docs.google.com/spreadsheets/u/0/d/1_B2mHZUP6J6jeZfcwbM2HkLvjkwMYuACE4l6Ktt-UkI/htmlview/sheet?headers=true&gid=0"
"PASSIVE","70000000-0000-4000-8000-000000000036","other-0","1","https://asia.sega.com/SonicRacingCrossWorlds/en/update/v-1-4-1.html"
"PASSIVE","70000000-0000-4000-8000-000000000037","stats","0","https://docs.google.com/spreadsheets/u/0/d/1_B2mHZUP6J6jeZfcwbM2HkLvjkwMYuACE4l6Ktt-UkI/htmlview/sheet?headers=true&gid=0"
"PASSIVE","70000000-0000-4000-8000-000000000037","stats","1","https://asia.sega.com/SonicRacingCrossWorlds/en/update/v-1-4-1.html"
"PASSIVE","70000000-0000-4000-8000-000000000037","stats","2","https://w.atwiki.jp/sonicracingcw/pages/37.html"
"PASSIVE","70000000-0000-4000-8000-000000000037","other-1","0","https://docs.google.com/spreadsheets/u/0/d/1_B2mHZUP6J6jeZfcwbM2HkLvjkwMYuACE4l6Ktt-UkI/htmlview/sheet?headers=true&gid=0"
"PASSIVE","70000000-0000-4000-8000-000000000037","other-1","1","https://asia.sega.com/SonicRacingCrossWorlds/en/update/v-1-4-1.html"
"PASSIVE","70000000-0000-4000-8000-000000000037","other-1","2","https://w.atwiki.jp/sonicracingcw/pages/37.html"
"PASSIVE","70000000-0000-4000-8000-000000000038","stats","0","https://docs.google.com/spreadsheets/u/0/d/1_B2mHZUP6J6jeZfcwbM2HkLvjkwMYuACE4l6Ktt-UkI/htmlview/sheet?headers=true&gid=0"
"PASSIVE","70000000-0000-4000-8000-000000000038","stats","1","https://asia.sega.com/SonicRacingCrossWorlds/en/update/v-1-4-1.html"
"PASSIVE","70000000-0000-4000-8000-000000000038","stats","2","https://w.atwiki.jp/sonicracingcw/pages/37.html"
"PASSIVE","70000000-0000-4000-8000-000000000038","other-1","0","https://docs.google.com/spreadsheets/u/0/d/1_B2mHZUP6J6jeZfcwbM2HkLvjkwMYuACE4l6Ktt-UkI/htmlview/sheet?headers=true&gid=0"
"PASSIVE","70000000-0000-4000-8000-000000000038","other-1","1","https://asia.sega.com/SonicRacingCrossWorlds/en/update/v-1-4-1.html"
"PASSIVE","70000000-0000-4000-8000-000000000038","other-1","2","https://w.atwiki.jp/sonicracingcw/pages/37.html"
"PASSIVE","70000000-0000-4000-8000-000000000039","other-0","0","https://docs.google.com/spreadsheets/u/0/d/1_B2mHZUP6J6jeZfcwbM2HkLvjkwMYuACE4l6Ktt-UkI/htmlview/sheet?headers=true&gid=0"
"PASSIVE","70000000-0000-4000-8000-000000000039","other-0","1","https://asia.sega.com/SonicRacingCrossWorlds/en/update/v-1-4-1.html"
"PASSIVE","70000000-0000-4000-8000-000000000040","other-0","0","https://docs.google.com/spreadsheets/u/0/d/1_B2mHZUP6J6jeZfcwbM2HkLvjkwMYuACE4l6Ktt-UkI/htmlview/sheet?headers=true&gid=0"
"PASSIVE","70000000-0000-4000-8000-000000000040","other-0","1","https://asia.sega.com/SonicRacingCrossWorlds/en/update/v-1-4-1.html"
"PASSIVE","70000000-0000-4000-8000-000000000041","other-0","0","https://docs.google.com/spreadsheets/u/0/d/1_B2mHZUP6J6jeZfcwbM2HkLvjkwMYuACE4l6Ktt-UkI/htmlview/sheet?headers=true&gid=0"
"PASSIVE","70000000-0000-4000-8000-000000000041","other-0","1","https://asia.sega.com/SonicRacingCrossWorlds/en/update/v-1-4-1.html"
"PASSIVE","70000000-0000-4000-8000-000000000042","other-0","0","https://docs.google.com/spreadsheets/u/0/d/1_B2mHZUP6J6jeZfcwbM2HkLvjkwMYuACE4l6Ktt-UkI/htmlview/sheet?headers=true&gid=0"
"PASSIVE","70000000-0000-4000-8000-000000000042","other-0","1","https://asia.sega.com/SonicRacingCrossWorlds/en/update/v-1-4-1.html"
"PASSIVE","70000000-0000-4000-8000-000000000043","other-0","0","https://docs.google.com/spreadsheets/u/0/d/1_B2mHZUP6J6jeZfcwbM2HkLvjkwMYuACE4l6Ktt-UkI/htmlview/sheet?headers=true&gid=0"
"PASSIVE","70000000-0000-4000-8000-000000000043","other-0","1","https://asia.sega.com/SonicRacingCrossWorlds/en/update/v-1-4-1.html"
"PASSIVE","70000000-0000-4000-8000-000000000044","other-0","0","https://docs.google.com/spreadsheets/u/0/d/1_B2mHZUP6J6jeZfcwbM2HkLvjkwMYuACE4l6Ktt-UkI/htmlview/sheet?headers=true&gid=0"
"PASSIVE","70000000-0000-4000-8000-000000000044","other-0","1","https://asia.sega.com/SonicRacingCrossWorlds/en/update/v-1-4-1.html"
"PASSIVE","70000000-0000-4000-8000-000000000045","other-0","0","https://docs.google.com/spreadsheets/u/0/d/1_B2mHZUP6J6jeZfcwbM2HkLvjkwMYuACE4l6Ktt-UkI/htmlview/sheet?headers=true&gid=0"
"PASSIVE","70000000-0000-4000-8000-000000000045","other-0","1","https://asia.sega.com/SonicRacingCrossWorlds/en/update/v-1-4-1.html"
"PASSIVE","70000000-0000-4000-8000-000000000045","other-0","2","https://w.atwiki.jp/sonicracingcw/pages/45.html"
"PASSIVE","70000000-0000-4000-8000-000000000046","other-0","0","https://docs.google.com/spreadsheets/u/0/d/1_B2mHZUP6J6jeZfcwbM2HkLvjkwMYuACE4l6Ktt-UkI/htmlview/sheet?headers=true&gid=0"
"PASSIVE","70000000-0000-4000-8000-000000000046","other-0","1","https://asia.sega.com/SonicRacingCrossWorlds/en/update/v-1-4-1.html"
"PASSIVE","70000000-0000-4000-8000-000000000046","other-0","2","https://w.atwiki.jp/sonicracingcw/pages/45.html"
"PASSIVE","70000000-0000-4000-8000-000000000047","other-0","0","https://docs.google.com/spreadsheets/u/0/d/1_B2mHZUP6J6jeZfcwbM2HkLvjkwMYuACE4l6Ktt-UkI/htmlview/sheet?headers=true&gid=0"
"PASSIVE","70000000-0000-4000-8000-000000000047","other-0","1","https://asia.sega.com/SonicRacingCrossWorlds/en/update/v-1-4-1.html"
"PASSIVE","70000000-0000-4000-8000-000000000047","other-0","2","https://w.atwiki.jp/sonicracingcw/pages/45.html"
"PASSIVE","70000000-0000-4000-8000-000000000048","other-0","0","https://docs.google.com/spreadsheets/u/0/d/1_B2mHZUP6J6jeZfcwbM2HkLvjkwMYuACE4l6Ktt-UkI/htmlview/sheet?headers=true&gid=0"
"PASSIVE","70000000-0000-4000-8000-000000000048","other-0","1","https://asia.sega.com/SonicRacingCrossWorlds/en/update/v-1-4-1.html"
"PASSIVE","70000000-0000-4000-8000-000000000048","other-0","2","https://w.atwiki.jp/sonicracingcw/pages/45.html"
"PASSIVE","70000000-0000-4000-8000-000000000049","stats","0","https://docs.google.com/spreadsheets/u/0/d/1_B2mHZUP6J6jeZfcwbM2HkLvjkwMYuACE4l6Ktt-UkI/htmlview/sheet?headers=true&gid=0"
"PASSIVE","70000000-0000-4000-8000-000000000049","stats","1","https://asia.sega.com/SonicRacingCrossWorlds/en/update/v-1-4-1.html"
"PASSIVE","70000000-0000-4000-8000-000000000049","stats","2","https://w.atwiki.jp/sonicracingcw/pages/37.html"
"PASSIVE","70000000-0000-4000-8000-000000000049","other-1","0","https://docs.google.com/spreadsheets/u/0/d/1_B2mHZUP6J6jeZfcwbM2HkLvjkwMYuACE4l6Ktt-UkI/htmlview/sheet?headers=true&gid=0"
"PASSIVE","70000000-0000-4000-8000-000000000049","other-1","1","https://asia.sega.com/SonicRacingCrossWorlds/en/update/v-1-4-1.html"
"PASSIVE","70000000-0000-4000-8000-000000000049","other-1","2","https://w.atwiki.jp/sonicracingcw/pages/37.html"
"PASSIVE","70000000-0000-4000-8000-000000000049","other-2","0","https://docs.google.com/spreadsheets/u/0/d/1_B2mHZUP6J6jeZfcwbM2HkLvjkwMYuACE4l6Ktt-UkI/htmlview/sheet?headers=true&gid=0"
"PASSIVE","70000000-0000-4000-8000-000000000049","other-2","1","https://asia.sega.com/SonicRacingCrossWorlds/en/update/v-1-4-1.html"
"PASSIVE","70000000-0000-4000-8000-000000000049","other-2","2","https://w.atwiki.jp/sonicracingcw/pages/37.html"
"PASSIVE","70000000-0000-4000-8000-000000000050","stats","0","https://docs.google.com/spreadsheets/u/0/d/1_B2mHZUP6J6jeZfcwbM2HkLvjkwMYuACE4l6Ktt-UkI/htmlview/sheet?headers=true&gid=0"
"PASSIVE","70000000-0000-4000-8000-000000000050","stats","1","https://asia.sega.com/SonicRacingCrossWorlds/en/update/v-1-4-1.html"
"PASSIVE","70000000-0000-4000-8000-000000000050","stats","2","https://w.atwiki.jp/sonicracingcw/pages/49.html"
"PASSIVE","70000000-0000-4000-8000-000000000050","other-1","0","https://docs.google.com/spreadsheets/u/0/d/1_B2mHZUP6J6jeZfcwbM2HkLvjkwMYuACE4l6Ktt-UkI/htmlview/sheet?headers=true&gid=0"
"PASSIVE","70000000-0000-4000-8000-000000000050","other-1","1","https://asia.sega.com/SonicRacingCrossWorlds/en/update/v-1-4-1.html"
"PASSIVE","70000000-0000-4000-8000-000000000050","other-1","2","https://w.atwiki.jp/sonicracingcw/pages/49.html"
"PASSIVE","70000000-0000-4000-8000-000000000051","other-0","0","https://docs.google.com/spreadsheets/u/0/d/1_B2mHZUP6J6jeZfcwbM2HkLvjkwMYuACE4l6Ktt-UkI/htmlview/sheet?headers=true&gid=0"
"PASSIVE","70000000-0000-4000-8000-000000000051","other-0","1","https://asia.sega.com/SonicRacingCrossWorlds/en/update/v-1-4-1.html"
"PASSIVE","70000000-0000-4000-8000-000000000052","stats","0","https://docs.google.com/spreadsheets/u/0/d/1_B2mHZUP6J6jeZfcwbM2HkLvjkwMYuACE4l6Ktt-UkI/htmlview/sheet?headers=true&gid=0"
"PASSIVE","70000000-0000-4000-8000-000000000052","stats","1","https://asia.sega.com/SonicRacingCrossWorlds/en/update/v-1-4-1.html"
"PASSIVE","70000000-0000-4000-8000-000000000052","stats","2","https://w.atwiki.jp/sonicracingcw/pages/45.html"
"PASSIVE","70000000-0000-4000-8000-000000000053","stats","0","https://docs.google.com/spreadsheets/u/0/d/1_B2mHZUP6J6jeZfcwbM2HkLvjkwMYuACE4l6Ktt-UkI/htmlview/sheet?headers=true&gid=0"
"PASSIVE","70000000-0000-4000-8000-000000000053","stats","1","https://asia.sega.com/SonicRacingCrossWorlds/en/update/v-1-4-1.html"
"PASSIVE","70000000-0000-4000-8000-000000000053","stats","2","https://w.atwiki.jp/sonicracingcw/pages/45.html"
"PASSIVE","70000000-0000-4000-8000-000000000054","stats","0","https://docs.google.com/spreadsheets/u/0/d/1_B2mHZUP6J6jeZfcwbM2HkLvjkwMYuACE4l6Ktt-UkI/htmlview/sheet?headers=true&gid=0"
"PASSIVE","70000000-0000-4000-8000-000000000054","stats","1","https://asia.sega.com/SonicRacingCrossWorlds/en/update/v-1-4-1.html"
"PASSIVE","70000000-0000-4000-8000-000000000054","stats","2","https://w.atwiki.jp/sonicracingcw/pages/45.html"
"PASSIVE","70000000-0000-4000-8000-000000000055","stats","0","https://docs.google.com/spreadsheets/u/0/d/1_B2mHZUP6J6jeZfcwbM2HkLvjkwMYuACE4l6Ktt-UkI/htmlview/sheet?headers=true&gid=0"
"PASSIVE","70000000-0000-4000-8000-000000000055","stats","1","https://asia.sega.com/SonicRacingCrossWorlds/en/update/v-1-4-1.html"
"PASSIVE","70000000-0000-4000-8000-000000000055","stats","2","https://w.atwiki.jp/sonicracingcw/pages/45.html"
"PASSIVE","70000000-0000-4000-8000-000000000056","stats","0","https://docs.google.com/spreadsheets/u/0/d/1_B2mHZUP6J6jeZfcwbM2HkLvjkwMYuACE4l6Ktt-UkI/htmlview/sheet?headers=true&gid=0"
"PASSIVE","70000000-0000-4000-8000-000000000056","stats","1","https://asia.sega.com/SonicRacingCrossWorlds/en/update/v-1-4-1.html"
"PASSIVE","70000000-0000-4000-8000-000000000056","stats","2","https://w.atwiki.jp/sonicracingcw/pages/45.html"
"PASSIVE","70000000-0000-4000-8000-000000000057","stats","0","https://docs.google.com/spreadsheets/u/0/d/1_B2mHZUP6J6jeZfcwbM2HkLvjkwMYuACE4l6Ktt-UkI/htmlview/sheet?headers=true&gid=0"
"PASSIVE","70000000-0000-4000-8000-000000000057","stats","1","https://asia.sega.com/SonicRacingCrossWorlds/en/update/v-1-4-1.html"
"PASSIVE","70000000-0000-4000-8000-000000000057","stats","2","https://w.atwiki.jp/sonicracingcw/pages/45.html"
"PASSIVE","70000000-0000-4000-8000-000000000058","stats","0","https://docs.google.com/spreadsheets/u/0/d/1_B2mHZUP6J6jeZfcwbM2HkLvjkwMYuACE4l6Ktt-UkI/htmlview/sheet?headers=true&gid=0"
"PASSIVE","70000000-0000-4000-8000-000000000058","stats","1","https://asia.sega.com/SonicRacingCrossWorlds/en/update/v-1-4-1.html"
"PASSIVE","70000000-0000-4000-8000-000000000058","stats","2","https://w.atwiki.jp/sonicracingcw/pages/45.html"
"PASSIVE","70000000-0000-4000-8000-000000000059","stats","0","https://docs.google.com/spreadsheets/u/0/d/1_B2mHZUP6J6jeZfcwbM2HkLvjkwMYuACE4l6Ktt-UkI/htmlview/sheet?headers=true&gid=0"
"PASSIVE","70000000-0000-4000-8000-000000000059","stats","1","https://asia.sega.com/SonicRacingCrossWorlds/en/update/v-1-4-1.html"
"PASSIVE","70000000-0000-4000-8000-000000000059","stats","2","https://w.atwiki.jp/sonicracingcw/pages/45.html"
"PASSIVE","70000000-0000-4000-8000-000000000060","stats","0","https://docs.google.com/spreadsheets/u/0/d/1_B2mHZUP6J6jeZfcwbM2HkLvjkwMYuACE4l6Ktt-UkI/htmlview/sheet?headers=true&gid=0"
"PASSIVE","70000000-0000-4000-8000-000000000060","stats","1","https://asia.sega.com/SonicRacingCrossWorlds/en/update/v-1-4-1.html"
"PASSIVE","70000000-0000-4000-8000-000000000060","stats","2","https://w.atwiki.jp/sonicracingcw/pages/45.html"
"PASSIVE","70000000-0000-4000-8000-000000000061","stats","0","https://docs.google.com/spreadsheets/u/0/d/1_B2mHZUP6J6jeZfcwbM2HkLvjkwMYuACE4l6Ktt-UkI/htmlview/sheet?headers=true&gid=0"
"PASSIVE","70000000-0000-4000-8000-000000000061","stats","1","https://asia.sega.com/SonicRacingCrossWorlds/en/update/v-1-4-1.html"
"PASSIVE","70000000-0000-4000-8000-000000000061","stats","2","https://w.atwiki.jp/sonicracingcw/pages/45.html"
"PASSIVE","70000000-0000-4000-8000-000000000062","stats","0","https://docs.google.com/spreadsheets/u/0/d/1_B2mHZUP6J6jeZfcwbM2HkLvjkwMYuACE4l6Ktt-UkI/htmlview/sheet?headers=true&gid=0"
"PASSIVE","70000000-0000-4000-8000-000000000062","stats","1","https://asia.sega.com/SonicRacingCrossWorlds/en/update/v-1-4-1.html"
"PASSIVE","70000000-0000-4000-8000-000000000062","stats","2","https://w.atwiki.jp/sonicracingcw/pages/37.html"
"PASSIVE","70000000-0000-4000-8000-000000000062","other-1","0","https://docs.google.com/spreadsheets/u/0/d/1_B2mHZUP6J6jeZfcwbM2HkLvjkwMYuACE4l6Ktt-UkI/htmlview/sheet?headers=true&gid=0"
"PASSIVE","70000000-0000-4000-8000-000000000062","other-1","1","https://asia.sega.com/SonicRacingCrossWorlds/en/update/v-1-4-1.html"
"PASSIVE","70000000-0000-4000-8000-000000000062","other-1","2","https://w.atwiki.jp/sonicracingcw/pages/37.html"
"PASSIVE","82005d0f-575b-5350-934f-fb108d306a21","other-0","0","https://docs.google.com/spreadsheets/u/0/d/1_B2mHZUP6J6jeZfcwbM2HkLvjkwMYuACE4l6Ktt-UkI/htmlview/sheet?headers=true&gid=0"
"PASSIVE","82005d0f-575b-5350-934f-fb108d306a21","other-0","1","https://asia.sega.com/SonicRacingCrossWorlds/en/update/v-1-4-1.html"
"PASSIVE","83284989-3174-5cf8-a5ef-3d443b559b55","other-0","0","https://docs.google.com/spreadsheets/u/0/d/1_B2mHZUP6J6jeZfcwbM2HkLvjkwMYuACE4l6Ktt-UkI/htmlview/sheet?headers=true&gid=0"
"PASSIVE","83284989-3174-5cf8-a5ef-3d443b559b55","other-0","1","https://asia.sega.com/SonicRacingCrossWorlds/en/update/v-1-4-1.html"
"PASSIVE","84c606c3-0540-5a3e-bb92-27185533a89b","other-0","0","https://docs.google.com/spreadsheets/u/0/d/1_B2mHZUP6J6jeZfcwbM2HkLvjkwMYuACE4l6Ktt-UkI/htmlview/sheet?headers=true&gid=0"
"PASSIVE","84c606c3-0540-5a3e-bb92-27185533a89b","other-0","1","https://asia.sega.com/SonicRacingCrossWorlds/en/update/v-1-4-1.html"
"PASSIVE","966f8792-a6af-576f-885c-697a33064497","other-0","0","https://docs.google.com/spreadsheets/u/0/d/1_B2mHZUP6J6jeZfcwbM2HkLvjkwMYuACE4l6Ktt-UkI/htmlview/sheet?headers=true&gid=0"
"PASSIVE","966f8792-a6af-576f-885c-697a33064497","other-0","1","https://asia.sega.com/SonicRacingCrossWorlds/en/update/v-1-4-1.html"
"PASSIVE","97147799-cf1d-5f50-b133-3ff6091574d3","other-0","0","https://docs.google.com/spreadsheets/u/0/d/1_B2mHZUP6J6jeZfcwbM2HkLvjkwMYuACE4l6Ktt-UkI/htmlview/sheet?headers=true&gid=0"
"PASSIVE","97147799-cf1d-5f50-b133-3ff6091574d3","other-0","1","https://asia.sega.com/SonicRacingCrossWorlds/en/update/v-1-4-1.html"
"PASSIVE","9735d3ab-d53b-52a1-a80d-ed0cb89429c2","other-0","0","https://docs.google.com/spreadsheets/u/0/d/1_B2mHZUP6J6jeZfcwbM2HkLvjkwMYuACE4l6Ktt-UkI/htmlview/sheet?headers=true&gid=0"
"PASSIVE","9735d3ab-d53b-52a1-a80d-ed0cb89429c2","other-0","1","https://asia.sega.com/SonicRacingCrossWorlds/en/update/v-1-4-1.html"
"PASSIVE","ae3d98e8-321c-5e19-b442-a2da09463467","other-0","0","https://docs.google.com/spreadsheets/u/0/d/1_B2mHZUP6J6jeZfcwbM2HkLvjkwMYuACE4l6Ktt-UkI/htmlview/sheet?headers=true&gid=0"
"PASSIVE","ae3d98e8-321c-5e19-b442-a2da09463467","other-0","1","https://asia.sega.com/SonicRacingCrossWorlds/en/update/v-1-4-1.html"
"PASSIVE","b3002fe1-32a2-5a06-8c07-64d0511811ad","other-0","0","https://docs.google.com/spreadsheets/u/0/d/1_B2mHZUP6J6jeZfcwbM2HkLvjkwMYuACE4l6Ktt-UkI/htmlview/sheet?headers=true&gid=0"
"PASSIVE","b3002fe1-32a2-5a06-8c07-64d0511811ad","other-0","1","https://asia.sega.com/SonicRacingCrossWorlds/en/update/v-1-4-1.html"
"PASSIVE","b5f42975-23b3-5a1d-9173-c18d2e584244","other-0","0","https://docs.google.com/spreadsheets/u/0/d/1_B2mHZUP6J6jeZfcwbM2HkLvjkwMYuACE4l6Ktt-UkI/htmlview/sheet?headers=true&gid=0"
"PASSIVE","b5f42975-23b3-5a1d-9173-c18d2e584244","other-0","1","https://asia.sega.com/SonicRacingCrossWorlds/en/update/v-1-4-1.html"
"PASSIVE","c857021b-d746-5d73-b54d-ccd594064c80","other-0","0","https://docs.google.com/spreadsheets/u/0/d/1_B2mHZUP6J6jeZfcwbM2HkLvjkwMYuACE4l6Ktt-UkI/htmlview/sheet?headers=true&gid=0"
"PASSIVE","c857021b-d746-5d73-b54d-ccd594064c80","other-0","1","https://asia.sega.com/SonicRacingCrossWorlds/en/update/v-1-4-1.html"
"PASSIVE","f3b3dd31-9912-5a84-a8db-a76d1f93dcbe","other-0","0","https://docs.google.com/spreadsheets/u/0/d/1_B2mHZUP6J6jeZfcwbM2HkLvjkwMYuACE4l6Ktt-UkI/htmlview/sheet?headers=true&gid=0"
"PASSIVE","f3b3dd31-9912-5a84-a8db-a76d1f93dcbe","other-0","1","https://asia.sega.com/SonicRacingCrossWorlds/en/update/v-1-4-1.html"
"PASSIVE","f6f75d95-16dd-538d-89b5-49c71cc8a346","stats","0","https://docs.google.com/spreadsheets/u/0/d/1_B2mHZUP6J6jeZfcwbM2HkLvjkwMYuACE4l6Ktt-UkI/htmlview/sheet?headers=true&gid=0"
"PASSIVE","f6f75d95-16dd-538d-89b5-49c71cc8a346","stats","1","https://asia.sega.com/SonicRacingCrossWorlds/en/update/v-1-4-1.html"
"PASSIVE","f6f75d95-16dd-538d-89b5-49c71cc8a346","other-1","0","https://docs.google.com/spreadsheets/u/0/d/1_B2mHZUP6J6jeZfcwbM2HkLvjkwMYuACE4l6Ktt-UkI/htmlview/sheet?headers=true&gid=0"
"PASSIVE","f6f75d95-16dd-538d-89b5-49c71cc8a346","other-1","1","https://asia.sega.com/SonicRacingCrossWorlds/en/update/v-1-4-1.html"
"PASSIVE","f8a1e5bd-b342-5a88-87e1-908adb2e165f","other-0","0","https://docs.google.com/spreadsheets/u/0/d/1_B2mHZUP6J6jeZfcwbM2HkLvjkwMYuACE4l6Ktt-UkI/htmlview/sheet?headers=true&gid=0"
"PASSIVE","f8a1e5bd-b342-5a88-87e1-908adb2e165f","other-0","1","https://asia.sega.com/SonicRacingCrossWorlds/en/update/v-1-4-1.html"
"SCENARIO","70000000-0000-4000-8000-000000000045","other-0","0","https://docs.google.com/spreadsheets/u/0/d/1_B2mHZUP6J6jeZfcwbM2HkLvjkwMYuACE4l6Ktt-UkI/htmlview/sheet?headers=true&gid=0"
"SCENARIO","70000000-0000-4000-8000-000000000045","other-0","1","https://asia.sega.com/SonicRacingCrossWorlds/en/update/v-1-4-1.html"
"SCENARIO","70000000-0000-4000-8000-000000000045","other-0","2","https://www.srcgadgetbuilder.com/build"
"SCENARIO","70000000-0000-4000-8000-000000000047","other-0","0","https://docs.google.com/spreadsheets/u/0/d/1_B2mHZUP6J6jeZfcwbM2HkLvjkwMYuACE4l6Ktt-UkI/htmlview/sheet?headers=true&gid=0"
"SCENARIO","70000000-0000-4000-8000-000000000047","other-0","1","https://asia.sega.com/SonicRacingCrossWorlds/en/update/v-1-4-1.html"
"SCENARIO","70000000-0000-4000-8000-000000000047","other-0","2","https://www.srcgadgetbuilder.com/build"
"SCENARIO","70000000-0000-4000-8000-000000000046","other-0","0","https://docs.google.com/spreadsheets/u/0/d/1_B2mHZUP6J6jeZfcwbM2HkLvjkwMYuACE4l6Ktt-UkI/htmlview/sheet?headers=true&gid=0"
"SCENARIO","70000000-0000-4000-8000-000000000046","other-0","1","https://asia.sega.com/SonicRacingCrossWorlds/en/update/v-1-4-1.html"
"SCENARIO","70000000-0000-4000-8000-000000000046","other-0","2","https://www.srcgadgetbuilder.com/build"
"SCENARIO","70000000-0000-4000-8000-000000000048","other-0","0","https://docs.google.com/spreadsheets/u/0/d/1_B2mHZUP6J6jeZfcwbM2HkLvjkwMYuACE4l6Ktt-UkI/htmlview/sheet?headers=true&gid=0"
"SCENARIO","70000000-0000-4000-8000-000000000048","other-0","1","https://asia.sega.com/SonicRacingCrossWorlds/en/update/v-1-4-1.html"
"SCENARIO","70000000-0000-4000-8000-000000000048","other-0","2","https://www.srcgadgetbuilder.com/build"
"SCENARIO","70000000-0000-4000-8000-000000000015","other-0","0","https://docs.google.com/spreadsheets/u/0/d/1_B2mHZUP6J6jeZfcwbM2HkLvjkwMYuACE4l6Ktt-UkI/htmlview/sheet?headers=true&gid=0"
"SCENARIO","70000000-0000-4000-8000-000000000015","other-0","1","https://asia.sega.com/SonicRacingCrossWorlds/en/update/v-1-4-1.html"
"SCENARIO","70000000-0000-4000-8000-000000000015","other-0","2","https://www.srcgadgetbuilder.com/build"
"SCENARIO","70000000-0000-4000-8000-000000000017","other-0","0","https://docs.google.com/spreadsheets/u/0/d/1_B2mHZUP6J6jeZfcwbM2HkLvjkwMYuACE4l6Ktt-UkI/htmlview/sheet?headers=true&gid=0"
"SCENARIO","70000000-0000-4000-8000-000000000017","other-0","1","https://asia.sega.com/SonicRacingCrossWorlds/en/update/v-1-4-1.html"
"SCENARIO","70000000-0000-4000-8000-000000000017","other-0","2","https://www.srcgadgetbuilder.com/build"
"SCENARIO","70000000-0000-4000-8000-000000000018","other-0","0","https://docs.google.com/spreadsheets/u/0/d/1_B2mHZUP6J6jeZfcwbM2HkLvjkwMYuACE4l6Ktt-UkI/htmlview/sheet?headers=true&gid=0"
"SCENARIO","70000000-0000-4000-8000-000000000018","other-0","1","https://asia.sega.com/SonicRacingCrossWorlds/en/update/v-1-4-1.html"
"SCENARIO","70000000-0000-4000-8000-000000000018","other-0","2","https://www.srcgadgetbuilder.com/build"
"SCENARIO","5a000a58-7d7a-581c-80e3-6ae8661215b7","other-0","0","https://docs.google.com/spreadsheets/u/0/d/1_B2mHZUP6J6jeZfcwbM2HkLvjkwMYuACE4l6Ktt-UkI/htmlview/sheet?headers=true&gid=0"
"SCENARIO","5a000a58-7d7a-581c-80e3-6ae8661215b7","other-0","1","https://asia.sega.com/SonicRacingCrossWorlds/en/update/v-1-4-1.html"
"SCENARIO","5a000a58-7d7a-581c-80e3-6ae8661215b7","other-0","2","https://www.srcgadgetbuilder.com/build"
"SCENARIO","70000000-0000-4000-8000-000000000002","other-0","0","https://docs.google.com/spreadsheets/u/0/d/1_B2mHZUP6J6jeZfcwbM2HkLvjkwMYuACE4l6Ktt-UkI/htmlview/sheet?headers=true&gid=0"
"SCENARIO","70000000-0000-4000-8000-000000000002","other-0","1","https://asia.sega.com/SonicRacingCrossWorlds/en/update/v-1-4-1.html"
"SCENARIO","70000000-0000-4000-8000-000000000002","other-0","2","https://www.srcgadgetbuilder.com/build"
"SCENARIO","70000000-0000-4000-8000-000000000004","other-0","0","https://docs.google.com/spreadsheets/u/0/d/1_B2mHZUP6J6jeZfcwbM2HkLvjkwMYuACE4l6Ktt-UkI/htmlview/sheet?headers=true&gid=0"
"SCENARIO","70000000-0000-4000-8000-000000000004","other-0","1","https://asia.sega.com/SonicRacingCrossWorlds/en/update/v-1-4-1.html"
"SCENARIO","70000000-0000-4000-8000-000000000004","other-0","2","https://www.srcgadgetbuilder.com/build"
"PASSIVE","84000000-0000-4000-8000-000000000001","other-0","0","https://www.srcgadgetbuilder.com/build"
"PASSIVE","84000000-0000-4000-8000-000000000001","other-0","1","https://docs.google.com/spreadsheets/u/0/d/1_B2mHZUP6J6jeZfcwbM2HkLvjkwMYuACE4l6Ktt-UkI/htmlview/sheet?headers=true&gid=0"
"PASSIVE","84000000-0000-4000-8000-000000000001","other-0","2","https://w.atwiki.jp/sonicracingcw/pages/41.html"
"PASSIVE","84000000-0000-4000-8000-000000000002","other-0","0","https://www.srcgadgetbuilder.com/build"
"PASSIVE","84000000-0000-4000-8000-000000000002","other-0","1","https://docs.google.com/spreadsheets/u/0/d/1_B2mHZUP6J6jeZfcwbM2HkLvjkwMYuACE4l6Ktt-UkI/htmlview/sheet?headers=true&gid=0"
"PASSIVE","84000000-0000-4000-8000-000000000002","other-0","2","https://w.atwiki.jp/sonicracingcw/pages/41.html"
"PASSIVE","84000000-0000-4000-8000-000000000003","other-0","0","https://www.srcgadgetbuilder.com/build"
"PASSIVE","84000000-0000-4000-8000-000000000003","other-0","1","https://docs.google.com/spreadsheets/u/0/d/1_B2mHZUP6J6jeZfcwbM2HkLvjkwMYuACE4l6Ktt-UkI/htmlview/sheet?headers=true&gid=0"
"PASSIVE","84000000-0000-4000-8000-000000000003","other-0","2","https://w.atwiki.jp/sonicracingcw/pages/41.html"
"PASSIVE","84000000-0000-4000-8000-000000000004","other-0","0","https://www.srcgadgetbuilder.com/build"
"PASSIVE","84000000-0000-4000-8000-000000000004","other-0","1","https://docs.google.com/spreadsheets/u/0/d/1_B2mHZUP6J6jeZfcwbM2HkLvjkwMYuACE4l6Ktt-UkI/htmlview/sheet?headers=true&gid=0"
"PASSIVE","84000000-0000-4000-8000-000000000004","other-0","2","https://w.atwiki.jp/sonicracingcw/pages/41.html"
"PASSIVE","84000000-0000-4000-8000-000000000005","other-0","0","https://www.srcgadgetbuilder.com/build"
"PASSIVE","84000000-0000-4000-8000-000000000005","other-0","1","https://docs.google.com/spreadsheets/u/0/d/1_B2mHZUP6J6jeZfcwbM2HkLvjkwMYuACE4l6Ktt-UkI/htmlview/sheet?headers=true&gid=0"
"PASSIVE","84000000-0000-4000-8000-000000000005","other-0","2","https://w.atwiki.jp/sonicracingcw/pages/41.html"
"PASSIVE","84000000-0000-4000-8000-000000000006","other-0","0","https://www.srcgadgetbuilder.com/build"
"PASSIVE","84000000-0000-4000-8000-000000000006","other-0","1","https://docs.google.com/spreadsheets/u/0/d/1_B2mHZUP6J6jeZfcwbM2HkLvjkwMYuACE4l6Ktt-UkI/htmlview/sheet?headers=true&gid=0"
"PASSIVE","84000000-0000-4000-8000-000000000006","other-0","2","https://w.atwiki.jp/sonicracingcw/pages/41.html"
"PASSIVE","84000000-0000-4000-8000-000000000007","other-0","0","https://www.srcgadgetbuilder.com/build"
"PASSIVE","84000000-0000-4000-8000-000000000007","other-0","1","https://docs.google.com/spreadsheets/u/0/d/1_B2mHZUP6J6jeZfcwbM2HkLvjkwMYuACE4l6Ktt-UkI/htmlview/sheet?headers=true&gid=0"
"PASSIVE","84000000-0000-4000-8000-000000000007","other-0","2","https://w.atwiki.jp/sonicracingcw/pages/41.html"
"PASSIVE","84000000-0000-4000-8000-000000000008","other-0","0","https://www.srcgadgetbuilder.com/build"
"PASSIVE","84000000-0000-4000-8000-000000000008","other-0","1","https://docs.google.com/spreadsheets/u/0/d/1_B2mHZUP6J6jeZfcwbM2HkLvjkwMYuACE4l6Ktt-UkI/htmlview/sheet?headers=true&gid=0"
"PASSIVE","84000000-0000-4000-8000-000000000008","other-0","2","https://w.atwiki.jp/sonicracingcw/pages/41.html"
"PASSIVE","84000000-0000-4000-8000-000000000009","other-0","0","https://www.srcgadgetbuilder.com/build"
"PASSIVE","84000000-0000-4000-8000-000000000009","other-0","1","https://docs.google.com/spreadsheets/u/0/d/1_B2mHZUP6J6jeZfcwbM2HkLvjkwMYuACE4l6Ktt-UkI/htmlview/sheet?headers=true&gid=0"
"PASSIVE","84000000-0000-4000-8000-000000000009","other-0","2","https://w.atwiki.jp/sonicracingcw/pages/41.html"
"PASSIVE","84000000-0000-4000-8000-000000000010","other-0","0","https://www.srcgadgetbuilder.com/build"
"PASSIVE","84000000-0000-4000-8000-000000000010","other-0","1","https://docs.google.com/spreadsheets/u/0/d/1_B2mHZUP6J6jeZfcwbM2HkLvjkwMYuACE4l6Ktt-UkI/htmlview/sheet?headers=true&gid=0"
"PASSIVE","84000000-0000-4000-8000-000000000010","other-0","2","https://w.atwiki.jp/sonicracingcw/pages/41.html"
"PASSIVE","84000000-0000-4000-8000-000000000011","other-0","0","https://www.srcgadgetbuilder.com/build"
"PASSIVE","84000000-0000-4000-8000-000000000011","other-0","1","https://docs.google.com/spreadsheets/u/0/d/1_B2mHZUP6J6jeZfcwbM2HkLvjkwMYuACE4l6Ktt-UkI/htmlview/sheet?headers=true&gid=0"
"PASSIVE","84000000-0000-4000-8000-000000000011","other-0","2","https://w.atwiki.jp/sonicracingcw/pages/42.html"
"PASSIVE","84000000-0000-4000-8000-000000000012","other-0","0","https://www.srcgadgetbuilder.com/build"
"PASSIVE","84000000-0000-4000-8000-000000000012","other-0","1","https://docs.google.com/spreadsheets/u/0/d/1_B2mHZUP6J6jeZfcwbM2HkLvjkwMYuACE4l6Ktt-UkI/htmlview/sheet?headers=true&gid=0"
"PASSIVE","84000000-0000-4000-8000-000000000012","other-0","2","https://w.atwiki.jp/sonicracingcw/pages/42.html"
"PASSIVE","84000000-0000-4000-8000-000000000013","other-0","0","https://www.srcgadgetbuilder.com/build"
"PASSIVE","84000000-0000-4000-8000-000000000013","other-0","1","https://docs.google.com/spreadsheets/u/0/d/1_B2mHZUP6J6jeZfcwbM2HkLvjkwMYuACE4l6Ktt-UkI/htmlview/sheet?headers=true&gid=0"
"PASSIVE","84000000-0000-4000-8000-000000000013","other-0","2","https://w.atwiki.jp/sonicracingcw/pages/42.html"
"PASSIVE","84000000-0000-4000-8000-000000000014","other-0","0","https://www.srcgadgetbuilder.com/build"
"PASSIVE","84000000-0000-4000-8000-000000000014","other-0","1","https://docs.google.com/spreadsheets/u/0/d/1_B2mHZUP6J6jeZfcwbM2HkLvjkwMYuACE4l6Ktt-UkI/htmlview/sheet?headers=true&gid=0"
"PASSIVE","84000000-0000-4000-8000-000000000014","other-0","2","https://w.atwiki.jp/sonicracingcw/pages/42.html"
"PASSIVE","84000000-0000-4000-8000-000000000015","other-0","0","https://www.srcgadgetbuilder.com/build"
"PASSIVE","84000000-0000-4000-8000-000000000015","other-0","1","https://docs.google.com/spreadsheets/u/0/d/1_B2mHZUP6J6jeZfcwbM2HkLvjkwMYuACE4l6Ktt-UkI/htmlview/sheet?headers=true&gid=0"
"PASSIVE","84000000-0000-4000-8000-000000000015","other-0","2","https://w.atwiki.jp/sonicracingcw/pages/43.html"
"PASSIVE","84000000-0000-4000-8000-000000000016","other-0","0","https://www.srcgadgetbuilder.com/build"
"PASSIVE","84000000-0000-4000-8000-000000000016","other-0","1","https://docs.google.com/spreadsheets/u/0/d/1_B2mHZUP6J6jeZfcwbM2HkLvjkwMYuACE4l6Ktt-UkI/htmlview/sheet?headers=true&gid=0"
"PASSIVE","84000000-0000-4000-8000-000000000016","other-0","2","https://w.atwiki.jp/sonicracingcw/pages/43.html"
"PASSIVE","84000000-0000-4000-8000-000000000017","other-0","0","https://www.srcgadgetbuilder.com/build"
"PASSIVE","84000000-0000-4000-8000-000000000017","other-0","1","https://docs.google.com/spreadsheets/u/0/d/1_B2mHZUP6J6jeZfcwbM2HkLvjkwMYuACE4l6Ktt-UkI/htmlview/sheet?headers=true&gid=0"
"PASSIVE","84000000-0000-4000-8000-000000000017","other-0","2","https://w.atwiki.jp/sonicracingcw/pages/43.html"
"PASSIVE","84000000-0000-4000-8000-000000000018","other-0","0","https://www.srcgadgetbuilder.com/build"
"PASSIVE","84000000-0000-4000-8000-000000000018","other-0","1","https://docs.google.com/spreadsheets/u/0/d/1_B2mHZUP6J6jeZfcwbM2HkLvjkwMYuACE4l6Ktt-UkI/htmlview/sheet?headers=true&gid=0"
"PASSIVE","84000000-0000-4000-8000-000000000018","other-0","2","https://w.atwiki.jp/sonicracingcw/pages/43.html"
"PASSIVE","84000000-0000-4000-8000-000000000019","other-0","0","https://www.srcgadgetbuilder.com/build"
"PASSIVE","84000000-0000-4000-8000-000000000019","other-0","1","https://docs.google.com/spreadsheets/u/0/d/1_B2mHZUP6J6jeZfcwbM2HkLvjkwMYuACE4l6Ktt-UkI/htmlview/sheet?headers=true&gid=0"
"PASSIVE","84000000-0000-4000-8000-000000000019","other-0","2","https://w.atwiki.jp/sonicracingcw/pages/44.html"
"PASSIVE","84000000-0000-4000-8000-000000000020","other-0","0","https://www.srcgadgetbuilder.com/build"
"PASSIVE","84000000-0000-4000-8000-000000000020","other-0","1","https://docs.google.com/spreadsheets/u/0/d/1_B2mHZUP6J6jeZfcwbM2HkLvjkwMYuACE4l6Ktt-UkI/htmlview/sheet?headers=true&gid=0"
"PASSIVE","84000000-0000-4000-8000-000000000020","other-0","2","https://w.atwiki.jp/sonicracingcw/pages/44.html"
"PASSIVE","84000000-0000-4000-8000-000000000021","other-0","0","https://www.srcgadgetbuilder.com/build"
"PASSIVE","84000000-0000-4000-8000-000000000021","other-0","1","https://docs.google.com/spreadsheets/u/0/d/1_B2mHZUP6J6jeZfcwbM2HkLvjkwMYuACE4l6Ktt-UkI/htmlview/sheet?headers=true&gid=0"
"PASSIVE","84000000-0000-4000-8000-000000000021","other-0","2","https://w.atwiki.jp/sonicracingcw/pages/44.html"
"PASSIVE","84000000-0000-4000-8000-000000000022","other-0","0","https://www.srcgadgetbuilder.com/build"
"PASSIVE","84000000-0000-4000-8000-000000000022","other-0","1","https://docs.google.com/spreadsheets/u/0/d/1_B2mHZUP6J6jeZfcwbM2HkLvjkwMYuACE4l6Ktt-UkI/htmlview/sheet?headers=true&gid=0"
"PASSIVE","84000000-0000-4000-8000-000000000022","other-0","2","https://w.atwiki.jp/sonicracingcw/pages/44.html"
"PASSIVE","84000000-0000-4000-8000-000000000023","other-0","0","https://www.srcgadgetbuilder.com/build"
"PASSIVE","84000000-0000-4000-8000-000000000023","other-0","1","https://docs.google.com/spreadsheets/u/0/d/1_B2mHZUP6J6jeZfcwbM2HkLvjkwMYuACE4l6Ktt-UkI/htmlview/sheet?headers=true&gid=0"
"PASSIVE","84000000-0000-4000-8000-000000000023","other-0","2","https://w.atwiki.jp/sonicracingcw/pages/44.html"
"PASSIVE","84000000-0000-4000-8000-000000000024","other-0","0","https://www.srcgadgetbuilder.com/build"
"PASSIVE","84000000-0000-4000-8000-000000000024","other-0","1","https://docs.google.com/spreadsheets/u/0/d/1_B2mHZUP6J6jeZfcwbM2HkLvjkwMYuACE4l6Ktt-UkI/htmlview/sheet?headers=true&gid=0"
"PASSIVE","84000000-0000-4000-8000-000000000024","other-0","2","https://w.atwiki.jp/sonicracingcw/pages/46.html"
"PASSIVE","84000000-0000-4000-8000-000000000025","other-0","0","https://www.srcgadgetbuilder.com/build"
"PASSIVE","84000000-0000-4000-8000-000000000025","other-0","1","https://docs.google.com/spreadsheets/u/0/d/1_B2mHZUP6J6jeZfcwbM2HkLvjkwMYuACE4l6Ktt-UkI/htmlview/sheet?headers=true&gid=0"
"PASSIVE","84000000-0000-4000-8000-000000000025","other-0","2","https://w.atwiki.jp/sonicracingcw/pages/46.html"
"PASSIVE","84000000-0000-4000-8000-000000000026","other-0","0","https://www.srcgadgetbuilder.com/build"
"PASSIVE","84000000-0000-4000-8000-000000000026","other-0","1","https://docs.google.com/spreadsheets/u/0/d/1_B2mHZUP6J6jeZfcwbM2HkLvjkwMYuACE4l6Ktt-UkI/htmlview/sheet?headers=true&gid=0"
"PASSIVE","84000000-0000-4000-8000-000000000026","other-0","2","https://w.atwiki.jp/sonicracingcw/pages/46.html"
"PASSIVE","84000000-0000-4000-8000-000000000027","other-0","0","https://www.srcgadgetbuilder.com/build"
"PASSIVE","84000000-0000-4000-8000-000000000027","other-0","1","https://docs.google.com/spreadsheets/u/0/d/1_B2mHZUP6J6jeZfcwbM2HkLvjkwMYuACE4l6Ktt-UkI/htmlview/sheet?headers=true&gid=0"
"PASSIVE","84000000-0000-4000-8000-000000000027","other-0","2","https://w.atwiki.jp/sonicracingcw/pages/48.html"
"PASSIVE","84000000-0000-4000-8000-000000000028","other-0","0","https://www.srcgadgetbuilder.com/build"
"PASSIVE","84000000-0000-4000-8000-000000000028","other-0","1","https://docs.google.com/spreadsheets/u/0/d/1_B2mHZUP6J6jeZfcwbM2HkLvjkwMYuACE4l6Ktt-UkI/htmlview/sheet?headers=true&gid=0"
"PASSIVE","84000000-0000-4000-8000-000000000028","other-0","2","https://w.atwiki.jp/sonicracingcw/pages/48.html"
"PASSIVE","84000000-0000-4000-8000-000000000029","other-0","0","https://www.srcgadgetbuilder.com/build"
"PASSIVE","84000000-0000-4000-8000-000000000029","other-0","1","https://docs.google.com/spreadsheets/u/0/d/1_B2mHZUP6J6jeZfcwbM2HkLvjkwMYuACE4l6Ktt-UkI/htmlview/sheet?headers=true&gid=0"
"PASSIVE","84000000-0000-4000-8000-000000000029","other-0","2","https://w.atwiki.jp/sonicracingcw/pages/48.html"
"PASSIVE","84000000-0000-4000-8000-000000000030","other-0","0","https://www.srcgadgetbuilder.com/build"
"PASSIVE","84000000-0000-4000-8000-000000000030","other-0","1","https://docs.google.com/spreadsheets/u/0/d/1_B2mHZUP6J6jeZfcwbM2HkLvjkwMYuACE4l6Ktt-UkI/htmlview/sheet?headers=true&gid=0"
"PASSIVE","84000000-0000-4000-8000-000000000030","other-0","2","https://w.atwiki.jp/sonicracingcw/pages/48.html"
"PASSIVE","84000000-0000-4000-8000-000000000031","other-0","0","https://www.srcgadgetbuilder.com/build"
"PASSIVE","84000000-0000-4000-8000-000000000031","other-0","1","https://docs.google.com/spreadsheets/u/0/d/1_B2mHZUP6J6jeZfcwbM2HkLvjkwMYuACE4l6Ktt-UkI/htmlview/sheet?headers=true&gid=0"
"PASSIVE","84000000-0000-4000-8000-000000000031","other-0","2","https://w.atwiki.jp/sonicracingcw/pages/48.html"
"PASSIVE","84000000-0000-4000-8000-000000000032","other-0","0","https://www.srcgadgetbuilder.com/build"
"PASSIVE","84000000-0000-4000-8000-000000000032","other-0","1","https://docs.google.com/spreadsheets/u/0/d/1_B2mHZUP6J6jeZfcwbM2HkLvjkwMYuACE4l6Ktt-UkI/htmlview/sheet?headers=true&gid=0"
"PASSIVE","84000000-0000-4000-8000-000000000032","other-0","2","https://w.atwiki.jp/sonicracingcw/pages/48.html"
"PASSIVE","84000000-0000-4000-8000-000000000033","other-0","0","https://www.srcgadgetbuilder.com/build"
"PASSIVE","84000000-0000-4000-8000-000000000033","other-0","1","https://docs.google.com/spreadsheets/u/0/d/1_B2mHZUP6J6jeZfcwbM2HkLvjkwMYuACE4l6Ktt-UkI/htmlview/sheet?headers=true&gid=0"
"PASSIVE","84000000-0000-4000-8000-000000000033","other-0","2","https://w.atwiki.jp/sonicracingcw/pages/49.html"
"PASSIVE","84000000-0000-4000-8000-000000000034","other-0","0","https://www.srcgadgetbuilder.com/build"
"PASSIVE","84000000-0000-4000-8000-000000000034","other-0","1","https://docs.google.com/spreadsheets/u/0/d/1_B2mHZUP6J6jeZfcwbM2HkLvjkwMYuACE4l6Ktt-UkI/htmlview/sheet?headers=true&gid=0"
"PASSIVE","84000000-0000-4000-8000-000000000034","other-0","2","https://w.atwiki.jp/sonicracingcw/pages/49.html"
"PASSIVE","84000000-0000-4000-8000-000000000035","other-0","0","https://www.srcgadgetbuilder.com/build"
"PASSIVE","84000000-0000-4000-8000-000000000035","other-0","1","https://docs.google.com/spreadsheets/u/0/d/1_B2mHZUP6J6jeZfcwbM2HkLvjkwMYuACE4l6Ktt-UkI/htmlview/sheet?headers=true&gid=0"
"PASSIVE","84000000-0000-4000-8000-000000000035","other-0","2","https://w.atwiki.jp/sonicracingcw/pages/88.html"
"PASSIVE","84000000-0000-4000-8000-000000000036","other-0","0","https://www.srcgadgetbuilder.com/build"
"PASSIVE","84000000-0000-4000-8000-000000000036","other-0","1","https://docs.google.com/spreadsheets/u/0/d/1_B2mHZUP6J6jeZfcwbM2HkLvjkwMYuACE4l6Ktt-UkI/htmlview/sheet?headers=true&gid=0"
"PASSIVE","84000000-0000-4000-8000-000000000036","other-0","2","https://w.atwiki.jp/sonicracingcw/pages/88.html"
"PASSIVE","84000000-0000-4000-8000-000000000037","other-0","0","https://www.srcgadgetbuilder.com/build"
"PASSIVE","84000000-0000-4000-8000-000000000037","other-0","1","https://docs.google.com/spreadsheets/u/0/d/1_B2mHZUP6J6jeZfcwbM2HkLvjkwMYuACE4l6Ktt-UkI/htmlview/sheet?headers=true&gid=0"
"PASSIVE","84000000-0000-4000-8000-000000000037","other-0","2","https://w.atwiki.jp/sonicracingcw/pages/88.html"
"PASSIVE","84000000-0000-4000-8000-000000000038","other-0","0","https://www.srcgadgetbuilder.com/build"
"PASSIVE","84000000-0000-4000-8000-000000000038","other-0","1","https://docs.google.com/spreadsheets/u/0/d/1_B2mHZUP6J6jeZfcwbM2HkLvjkwMYuACE4l6Ktt-UkI/htmlview/sheet?headers=true&gid=0"
"PASSIVE","84000000-0000-4000-8000-000000000038","other-0","2","https://w.atwiki.jp/sonicracingcw/pages/88.html"
