gadget_id,effect_id,position,condition,speed,acceleration,handling,power,boost,label,explanation
"70000000-0000-4000-8000-000000000045","other-0","0","LAP_ONE","20","20","20","20","20","Lap 1 bonus","Fixed +20 to each stat while the condition holds; does not accumulate. Concurrent nonzero stat modifiers require an explicit stacking permission."
"70000000-0000-4000-8000-000000000047","other-0","1","LAP_ONE","60","60","60","60","60","Lap 1 bonus","Fixed +60 to each stat while the condition holds; does not accumulate. Concurrent nonzero stat modifiers require an explicit stacking permission."
"70000000-0000-4000-8000-000000000046","other-0","2","LAP_THREE","20","20","20","20","20","Lap 3 bonus","Fixed +20 to each stat while the condition holds; does not accumulate. Concurrent nonzero stat modifiers require an explicit stacking permission."
"70000000-0000-4000-8000-000000000048","other-0","3","LAP_THREE","60","60","60","60","60","Lap 3 bonus","Fixed +60 to each stat while the condition holds; does not accumulate. Concurrent nonzero stat modifiers require an explicit stacking permission."
"70000000-0000-4000-8000-000000000015","other-0","4","WATER","20","20","20","20","20","Water-form bonus","Fixed +20 to each stat while the condition holds; does not accumulate. Concurrent nonzero stat modifiers require an explicit stacking permission."
"70000000-0000-4000-8000-000000000017","other-0","5","FLIGHT","20","20","20","20","20","Flight-form bonus","Fixed +20 to each stat while the condition holds; does not accumulate. Concurrent nonzero stat modifiers require an explicit stacking permission."
"70000000-0000-4000-8000-000000000018","other-0","6","TRANSFORMED","20","20","20","20","20","Transformation bonus","Fixed +20 to each stat while the condition holds; does not accumulate. Concurrent nonzero stat modifiers require an explicit stacking permission."
"5a000a58-7d7a-581c-80e3-6ae8661215b7","other-0","7","HAS_RINGS","12","12","12","12","12","Held-ring bonus","Fixed +12 to each stat while the condition holds; does not accumulate. Concurrent nonzero stat modifiers require an explicit stacking permission."
"70000000-0000-4000-8000-000000000002","other-0","8","LANDING_BOOST",,,,,,"Landing boost","The successful landing boost is active. Its speed and duration are not five-stat points."
"70000000-0000-4000-8000-000000000004","other-0","9","FINISH_ZONE",,,,,,"Finish-line invincibility","Invincibility applies within 300 metres of the finish. It adds no five-stat points."
