machine_part_id,speed,acceleration,handling,power,boost
009bb0bc-4f48-605c-d1b9-16e5d57b4da9,20,7,11,13,9
02202ec2-00e7-866a-e607-66ce27916668,19,7,11,14,9
05e1eab1-a39f-3712-a7c0-492bb9bbf6e6,7,14,16,10,13
060d2a67-4928-7b9e-8b5a-480c02f7fa70,15,16,9,14,6
06c03c50-c89c-4c8f-cdbe-0ed17026c66b,13,9,6,17,15
0a36083f-f80c-d872-03c7-033b3f153269,15,18,9,12,6
0a4355e5-42c6-6263-b440-fd77a20a1fb5,12,17.5,22,9,29
0d15c3d5-09c6-ca6e-6efa-b209b936f3e1,15,17,9,13,6
0f71d4d2-b64e-28be-4725-d5ab5e2955ec,11,9,7,19,14
10000000-0000-4000-8000-000000000001,20,5,13,15,7
10000000-0000-4000-8000-000000000002,20,6,12,14,8
10000000-0000-4000-8000-000000000003,15,20,7,13,5
10000000-0000-4000-8000-000000000004,14,20,8,12,6
10000000-0000-4000-8000-000000000005,5,15,20,7,13
10000000-0000-4000-8000-000000000006,7,13,20,9,11
10000000-0000-4000-8000-000000000007,13,7,5,20,15
10000000-0000-4000-8000-000000000008,12,8,6,20,14
10000000-0000-4000-8000-000000000009,13,16,21,10,30
10000000-0000-4000-8000-000000000010,12,17,22,9,30
124d538e-ed69-8726-ebf8-8e20d4658bdd,7,14,17,10,12
13f29751-3df9-ee74-a51e-d1dc24509927,15,16,9,14,6
14b9d4fc-d51b-a9b7-6552-a5265fd68172,14,19,9,11,7
15cc8438-f40a-8458-92c6-2143ed5b7dd5,14,9,6,16,14
17904689-2b7b-bde9-5d35-f6badc1d4985,12,11,8,16,13
20000000-0000-4000-8000-000000000001,20,5,13,15,7
20000000-0000-4000-8000-000000000002,20,6,12,14,8
20000000-0000-4000-8000-000000000003,15,20,7,13,5
20000000-0000-4000-8000-000000000004,14,20,8,12,6
20000000-0000-4000-8000-000000000005,5,15,20,7,13
20000000-0000-4000-8000-000000000006,7,13,20,9,11
20000000-0000-4000-8000-000000000007,13,7,5,20,15
20000000-0000-4000-8000-000000000008,12,8,6,20,14
20000000-0000-4000-8000-000000000009,13,16,21,10,30
20000000-0000-4000-8000-000000000010,12,17,22,9,30
2090e63c-bd7d-86f2-9f45-e8077e521f9f,19,6,12,15,8
20f789fa-1a04-2e10-60b3-9ae1bd091730,7,14,17,10,12
24280cc9-446f-40ca-925d-215a2e3bf7e1,14,17,22,10,27
29d5a361-0843-7972-a35a-a68a61ef0266,12,10,7,17,14
2c06aa91-a1fd-0237-5b18-7af49ecf997e,16,7,13,14,10
2ed87bb9-72cd-50e5-eef8-44482b6758aa,11,10,7,18,14
30000000-0000-4000-8000-000000000001,20,5,13,15,7
30000000-0000-4000-8000-000000000002,20,6,12,14,8
30000000-0000-4000-8000-000000000003,15,20,7,13,5
30000000-0000-4000-8000-000000000004,14,20,8,12,6
30000000-0000-4000-8000-000000000005,5,15,20,7,13
30000000-0000-4000-8000-000000000006,7,13,20,9,11
30000000-0000-4000-8000-000000000007,13,7,5,20,15
30000000-0000-4000-8000-000000000008,12,8,6,20,14
30feba73-4f60-6ecc-2d5f-e601d5fc6cb7,7,14,18,10,11
3129f5c8-438a-ce5c-65c9-36c056be1226,18,5,13,16,8
3259b336-f941-0023-5f66-441c0ad320fc,14,9,6,16,14
34101d28-0e5b-c728-b976-60c3706bfd6b,7,14,19,9,11
3544b6dd-38ea-a2a4-3276-d60ef92e8dfb,17,6,13,15,9
3a858810-7ae1-7833-e770-d1c7ff463993,11,9,7,19,14
3ca3993f-90b4-998d-9320-be92eb66ed19,12,9,6,18,15
3cc5a217-6486-8a79-5c01-931a64967167,14,18,10,11,7
3e530723-bacb-fa8e-14f1-8eb3eec2b9e2,19,5,13,16,7
3e72060d-e048-22eb-5048-c66ed0242e16,18,5,13,16,8
41dcc995-078e-8119-7bca-b0b7a36acb59,19,7,11,14,9
43f50bc6-ee14-66e5-2649-bf779c8688cd,11,9,7,19,14
46a5a2c2-8186-91b6-d604-5a6694a2c9ce,11,18,23,8,30
48522284-0cfd-3f8b-9213-167a8f8d85d5,14,17,10,12,7
4bcdc317-ccb5-b0f8-cae2-0c9f5f4d18bd,14,19,9,11,7
508d6521-9b30-4400-6d69-d4775a8830f0,5,16,17,8,14
51fc33fd-cd1e-066b-e1a0-22e6015c5f2a,19,5,13,16,7
5259d5ec-f3ee-9685-3ad8-da0746f597b9,15,19,8,12,6
58782e7b-fd48-90e4-320f-9cd7079699fe,12,9,6,18,15
58e56472-5ae1-5689-5b71-16a6b2ac1354,18,7,11,14,10
5a92fe33-d34f-d788-119b-0392024c6393,11,19,23,8,29
5b2bdfc5-b587-4cee-222d-d5b0f5792eb2,18,5,13,16,8
5d71867f-3bc1-882d-60cd-7d935a4e72cc,16,7,13,14,10
62b929b0-d8fe-a48e-55f9-24b8a048282c,13,20,9,11,7
6559ee22-bbe3-6d54-a16c-e883ac1a8806,13,17,21,10,29
66d4846d-8c24-07bc-90cb-46f26c86d58d,11,9,7,20,13
66e66cdd-6936-2a71-45f1-30c7d481c9e0,11,19,23,8,29
6ced8253-c098-d7c7-e466-fc7f6734500d,14,8,5,17,16
6dee0fd4-87f1-3a73-634a-74121664c6ec,13,9,6,17,15
711c4fdf-a54e-bf58-9b0b-d14d62068adf,6,15,17,9,13
71af3239-eca9-e241-1cad-490c463dc566,6,14,20,8,12
735db318-96e2-8aaa-9af6-25bc84cef166,14,17,22,10,27
75393894-021b-ee13-6138-5090af1bb3de,15,17,9,13,6
797535b4-e587-9608-1a6e-0da622afd010,12,9,6,18,15
79ac28cb-e41a-62a4-b8f7-a98a0dbcd553,13,18,22,9,28
7d13925a-8802-1c1c-5066-935dd142bbfe,13,20,9,11,7
7d784222-f87c-f355-8639-e1fe4c7f8ba7,5,16,19,7,13
7e0edc88-8a04-5d9d-8868-7a17a5e78df6,12,10,7,17,14
7f56780a-ca5a-9e20-a568-22e5b3415e62,16,19,7,13,5
7f806a29-11e8-d230-7e21-fea98a77defb,14,18,22,10,26
80682905-4f8e-95d7-f1f6-f03fdb96ad0c,17,5,14,16,8
810d0e37-6b90-8d2d-7fbc-2758f8ab1ab2,15,19,8,12,6
81a9e690-2df3-6745-d0c4-5039e1cee436,16,6,14,15,9
8248c8f7-84df-34bd-762f-0e6cdd3de744,13,7,5,19,16
832ebab7-d746-abaa-2254-38cd252a5d52,14,16.5,23,10,28
8386880d-5b51-d8d2-8956-c6d1b713e018,16,19,7,13,5
8699b0b0-7690-f4d0-0ce3-ae8496d7d22a,11,10,7,18,14
87abbc42-ac37-3d76-162f-7c4c11ce4ac7,17,7,12,14,10
8a7e4d9f-919e-b059-0797-5888636b4627,5,16,19,7,13
8b1c9eef-2982-9341-f379-6ab3f22f1518,17,7,12,14,10
8d8a4992-6dae-7208-6d53-5fcac9c1d0ad,7,14,16,10,13
8dc41d76-1159-bd73-4691-ed8a2c730e63,13,18,23,9,27
8ef967da-94d6-cb49-1173-a0ed1080c090,19,6,12,15,8
938e60ef-f1ae-d333-c82f-f8909494b80e,12,8,6,19,15
95a6e31b-5ea9-6753-03b5-655a24e3248a,5,16,18,8,13
9954c5b5-6da6-5222-d09a-7c08e07ecac0,14,18,10,11,7
9aaac85e-81b9-45ae-b245-4eb10c7fea5e,17,7,12,14,10
9c08cba4-4c5e-45a6-4c3a-30254b5a2c6c,5,16,18,8,13
9c28d250-e00f-e0a2-b409-9532a2db6836,12,8,6,19,15
a0544bbc-aa30-51a0-f3b1-9552d8973f68,17,6,13,15,9
a1d70fab-a4b4-14c0-7b65-acf8cc905cbc,7,14,18,10,11
a3c2cb4f-128f-0df9-4236-67832bfe97dd,6,15,19,8,12
a5f76694-1376-d1cb-0303-f949fbf4c1bb,14,16.5,23,10,28
a7255c66-7d37-7387-0d3d-17e3acff00c4,14,17,10,12,7
a812c38a-87d7-32e4-252a-f6f7a0077207,16,19,7,13,5
a8b0dfc2-4281-5d64-1dc7-a0b820b76daa,5,16,19,7,13
a8dc7d54-8dd7-5d0d-dd1e-e2d399f84e90,19,5,13,16,7
aa1aa606-ca3d-2df0-0c0b-08e561c4d3bb,7,14,16,10,13
abd08280-8415-c7e8-ac93-240cb8b58ec9,19,6,12,15,8
b0fa7228-cda8-49b6-0e28-264028751c81,12,10,7,17,14
b2fcbe22-90f0-22a5-e2fb-4742563501f4,14,18,10,11,7
b33148b7-5a1c-816b-440f-270b986b4ec5,12,11,8,16,13
b3c4c2f0-4bd7-b6cc-1d94-6babd0eaa477,14,8,5,17,16
b572d834-45ca-ce28-eb56-7131b6477646,15,18,9,12,6
b5de6ecf-5f23-4e6e-baf1-421edfefb13d,14,18,22,10,26
b9c39c07-bac3-a930-8b16-53964237d9f6,16,18,8,13,5
ba4440ee-fbdd-8921-a8f9-ebfd32c67310,11,18,23,8,30
bd2fdd72-322b-f818-66a4-4454ac56cc7b,14,8,5,17,16
bd4aa18a-b82b-f4f7-8ed2-303b9b2eea2d,13,18,22,9,28
bef807c6-945d-29d6-cb82-16d3aa68e760,16,18,8,13,5
befb23f9-91b7-f987-d13a-dc4629e7d1f8,6,15,17,9,13
bfff70e1-c340-a928-5c2b-32836d97c105,5,16,17,8,14
c0864db4-63e9-7cf6-e6f5-7ac841224798,17,5,14,16,8
c11541cb-8340-4dfd-a369-0c717fc36ea5,17,5,14,16,8
c12e4ed7-dea9-e27e-82e5-fa253b448ecb,13,7,5,19,16
c1c008b0-3a8f-9f8c-5bf2-b1279e6a9b0a,16,6,14,15,9
c3f51a9e-d7c3-2c1a-a473-b9184cb2add7,17,6,13,15,9
c41397de-9716-ed2f-8f73-9dacffd4bf8a,12,8,6,19,15
c477a5b6-9808-afc5-7b3a-62dc84f577cb,12,19,23,8,28
c5526939-ea78-c278-c108-93c5b6de423b,7,14,17,10,12
c6d9b25c-ebe2-fc58-646d-091c437d038b,12,17.5,22,9,29
c77c7837-ae78-e302-e245-caabe9bfa5c6,14,17,10,12,7
c8b5cd9c-b052-b63e-7622-77f83e884cb0,16,6,14,15,9
ca431932-dc76-aa1b-28f5-9b55b4aeecdb,18,7,11,14,10
cc089cfa-6ad5-1fbf-ada2-c4eb8d697eee,13,9,6,17,15
cdd5f6fb-6378-d997-0876-bbcb66ea04ac,6,14,20,8,12
d1b4e5ff-2b48-158b-a4cc-5dac5d5c6165,11,9,7,20,13
d2cb61b8-7b32-43f6-aab5-3f0956e13003,13,18,23,9,27
d3fdcaea-c2a1-a38d-3c2b-0472189bcb98,7,14,18,10,11
d6a3d066-6e47-b186-5142-053fa8c156e2,6,15,19,8,12
d705e55d-83ab-4585-180b-fa5d5f3b80d3,14,9,6,16,14
d886c51f-7f03-5f19-db3c-79d0baa3a059,15,19,8,12,6
dadb85b5-d0aa-9a75-aa9e-45e54bcf9dd5,13,20,9,11,7
dae676cb-a9e6-36bb-951d-f925d52b9370,16,18,8,13,5
dafe8c33-b920-26c9-bb5d-373f22d5c25b,6,15,19,8,12
db0b2ddc-2ed9-92d6-dc27-4cd55421412e,7,14,19,9,11
dbd1d017-7c9a-010c-edd2-d5138274f28e,7,14,19,9,11
dd077cbd-0eba-eff1-3995-31147ba34d4b,14,19,9,11,7
de64711e-3862-76c2-7322-bcf675fc70f3,15,16,9,14,6
dea43a97-fdc3-817d-ea6e-e17dc8a898c3,20,7,11,13,9
e1f98c5e-ce1f-92d2-38ca-be977bee6cab,19,7,11,14,9
e31aaa39-a116-d6a2-8a48-a542f6536c71,15,18,9,12,6
e335851c-5f66-91c9-a651-e2be5b2e1173,15,17,9,13,6
e435573e-0694-20b8-1cee-e6526654b663,13,7,5,19,16
e701cedd-009a-f085-b5ec-3df246409f8b,16,7,13,14,10
e8dcaaea-2e6c-d693-c7bb-25c4433e1e05,12,11,8,16,13
e9a2e349-904d-93db-fdb8-e52a8beb77c8,11,9,7,20,13
eb0e43f0-96e0-8b0c-e95e-c08084931825,18,7,11,14,10
ec0ab978-a84e-16a2-4b0c-4c003db99413,6,14,20,8,12
ec19d03d-6ec1-982f-aa99-334676ea96ed,5,16,18,8,13
edce3172-4ebd-8bc1-b1ad-7bc6abb46d33,13,17,21,10,29
f9244606-5f33-a9e4-1aa7-2c3c7dfe0234,11,10,7,18,14
f9749d32-5a0e-06e8-67f8-9bd2abd3d3b7,12,19,23,8,28
fe4117f9-7705-8303-5da4-2fc9898c5b80,5,16,17,8,14
ff24826a-600b-c2f6-68ea-9af839f8592b,20,7,11,13,9
ffbb001f-c28a-f81a-e64f-9fe38f719621,6,15,17,9,13
