id,name,acquisition_kind,acquisition_label,source_identifier,source_page,corroborating_page,review_note
174ea0a3-43bb-5001-bbd4-8b598482fe59,Inventory Swap,STANDARD_UNLOCK,,gadget_061,https://www.srcgadgetbuilder.com/build,https://w.atwiki.jp/sonicracingcw/pages/47.html,Ordinary progression established. Specific race/plate thresholds differ between sources and are intentionally omitted.
175c2797-0be5-571a-99ac-af4bfdbf58a4,Route Planner Bounty,STANDARD_UNLOCK,,gadget_096,https://www.srcgadgetbuilder.com/build,https://w.atwiki.jp/sonicracingcw/pages/41.html,Ordinary progression established. Specific race/plate thresholds differ between sources and are intentionally omitted.
180a09fc-0034-5f56-be95-2938ce9ed61d,Less is More,STANDARD_UNLOCK,,gadget_097,https://www.srcgadgetbuilder.com/build,https://w.atwiki.jp/sonicracingcw/pages/42.html,Ordinary progression established. Specific race/plate thresholds differ between sources and are intentionally omitted.
182bdfa8-44d3-5de8-941b-d525381dd0a3,Hyper Ring Engine,STANDARD_UNLOCK,,gadget_100,https://www.srcgadgetbuilder.com/build,https://w.atwiki.jp/sonicracingcw/pages/42.html,Ordinary progression established. Specific race/plate thresholds differ between sources and are intentionally omitted.
238359e7-ba2a-582d-bc82-6ab1c14b0284,Item Stock Plus,STANDARD_UNLOCK,,gadget_062,https://www.srcgadgetbuilder.com/build,docs/game-data-sources.md,Ordinary progression established. Specific race/plate thresholds differ between sources and are intentionally omitted.
3130026a-75cc-50c9-94ba-4748263acbfd,Ring Doubler,STANDARD_UNLOCK,,gadget_098,https://www.srcgadgetbuilder.com/build,https://w.atwiki.jp/sonicracingcw/pages/42.html,Ordinary progression established. Specific race/plate thresholds differ between sources and are intentionally omitted.
5a000a58-7d7a-581c-80e3-6ae8661215b7,Ring Engine,STANDARD_UNLOCK,,gadget_099,https://www.srcgadgetbuilder.com/build,https://w.atwiki.jp/sonicracingcw/pages/42.html,Ordinary progression established. Specific race/plate thresholds differ between sources and are intentionally omitted.
70000000-0000-4000-8000-000000000001,Ultimate Air Trick,STANDARD_UNLOCK,,gadget_105,https://www.srcgadgetbuilder.com/build,https://w.atwiki.jp/sonicracingcw/pages/43.html,Ordinary progression established. Specific race/plate thresholds differ between sources and are intentionally omitted.
70000000-0000-4000-8000-000000000002,Perfect Landing,STANDARD_UNLOCK,,gadget_106,https://www.srcgadgetbuilder.com/build,https://w.atwiki.jp/sonicracingcw/pages/43.html,Ordinary progression established. Specific race/plate thresholds differ between sources and are intentionally omitted.
70000000-0000-4000-8000-000000000003,Substitute Item,STANDARD_UNLOCK,,gadget_107,https://www.srcgadgetbuilder.com/build,https://w.atwiki.jp/sonicracingcw/pages/46.html,Ordinary progression established. Specific race/plate thresholds differ between sources and are intentionally omitted.
70000000-0000-4000-8000-000000000004,Invincible Finish,STANDARD_UNLOCK,,gadget_108,https://www.srcgadgetbuilder.com/build,https://w.atwiki.jp/sonicracingcw/pages/46.html,Ordinary progression established. Specific race/plate thresholds differ between sources and are intentionally omitted.
70000000-0000-4000-8000-000000000005,Collision Evolution,STANDARD_UNLOCK,,gadget_110,https://www.srcgadgetbuilder.com/build,https://w.atwiki.jp/sonicracingcw/pages/45.html,Ordinary progression established. Specific race/plate thresholds differ between sources and are intentionally omitted.
70000000-0000-4000-8000-000000000006,Ring Evolution,STANDARD_UNLOCK,,gadget_109,https://www.srcgadgetbuilder.com/build,https://w.atwiki.jp/sonicracingcw/pages/45.html,Ordinary progression established. Specific race/plate thresholds differ between sources and are intentionally omitted.
70000000-0000-4000-8000-000000000007,Damage Evolution,STANDARD_UNLOCK,,gadget_111,https://www.srcgadgetbuilder.com/build,https://w.atwiki.jp/sonicracingcw/pages/45.html,Ordinary progression established. Specific race/plate thresholds differ between sources and are intentionally omitted.
70000000-0000-4000-8000-000000000008,Item Hit Evolution,STANDARD_UNLOCK,,gadget_112,https://www.srcgadgetbuilder.com/build,https://w.atwiki.jp/sonicracingcw/pages/45.html,Ordinary progression established. Specific race/plate thresholds differ between sources and are intentionally omitted.
70000000-0000-4000-8000-000000000009,Summon Item Box,STANDARD_UNLOCK,,gadget_094,https://www.srcgadgetbuilder.com/build,https://w.atwiki.jp/sonicracingcw/pages/47.html,Ordinary progression established. Specific race/plate thresholds differ between sources and are intentionally omitted.
70000000-0000-4000-8000-000000000010,Go Go Omochao,STANDARD_UNLOCK,,gadget_101,https://www.srcgadgetbuilder.com/build,https://w.atwiki.jp/sonicracingcw/pages/48.html,Ordinary progression established. Specific race/plate thresholds differ between sources and are intentionally omitted.
70000000-0000-4000-8000-000000000011,Boost Character Kit,FESTIVAL_REWARD,Hatsune Miku Festival,gadget_088,https://www.srcgadgetbuilder.com/build,docs/game-data-sources.md,Original festival history; later ticket availability does not remove this classification.
70000000-0000-4000-8000-000000000012,Power Character Kit,FESTIVAL_REWARD,Minecraft Festival,gadget_087,https://www.srcgadgetbuilder.com/build,docs/game-data-sources.md,Original festival history; later ticket availability does not remove this classification.
70000000-0000-4000-8000-000000000013,Handling Character Kit,FESTIVAL_REWARD,Joker Festival,gadget_086,https://www.srcgadgetbuilder.com/build,docs/game-data-sources.md,Original festival history; later ticket availability does not remove this classification.
70000000-0000-4000-8000-000000000014,Comeback Kit,FESTIVAL_REWARD,Ichiban Kasuga Festival,gadget_090,https://www.srcgadgetbuilder.com/build,https://w.atwiki.jp/sonicracingcw/pages/88.html,Original festival history; later ticket availability does not remove this classification.
70000000-0000-4000-8000-000000000015,Sea Dog Kit,FESTIVAL_REWARD,SpongeBob Festival,gadget_089,https://www.srcgadgetbuilder.com/build,https://w.atwiki.jp/sonicracingcw/pages/88.html,Original festival history; later ticket availability does not remove this classification.
70000000-0000-4000-8000-000000000016,Acceleration Character Kit,FESTIVAL_REWARD,PAC-MAN Festival,gadget_085,https://www.srcgadgetbuilder.com/build,docs/game-data-sources.md,Original festival history; later ticket availability does not remove this classification.
70000000-0000-4000-8000-000000000017,Ace Pilot Kit,FESTIVAL_REWARD,NiGHTS Festival,gadget_091,https://www.srcgadgetbuilder.com/build,https://w.atwiki.jp/sonicracingcw/pages/88.html,Original festival history; later ticket availability does not remove this classification.
70000000-0000-4000-8000-000000000018,All-Rounder Kit,FESTIVAL_REWARD,Super Monkey Ball Festival,gadget_092,https://www.srcgadgetbuilder.com/build,https://w.atwiki.jp/sonicracingcw/pages/88.html,Original festival history; later ticket availability does not remove this classification.
70000000-0000-4000-8000-000000000019,Wisp Hoarder Kit,FESTIVAL_REWARD,Tangle & Whisper Festival,gadget_093,https://www.srcgadgetbuilder.com/build,https://w.atwiki.jp/sonicracingcw/pages/88.html,Original festival history; later ticket availability does not remove this classification.
70000000-0000-4000-8000-000000000020,Speed Character Kit,FESTIVAL_REWARD,Red Festival,gadget_084,https://www.srcgadgetbuilder.com/build,docs/game-data-sources.md,Original festival history; later ticket availability does not remove this classification.
70000000-0000-4000-8000-000000000021,Item Buster Kit,FESTIVAL_REWARD,Mega Man Festival,gadget_102,https://www.srcgadgetbuilder.com/build,https://w.atwiki.jp/sonicracingcw/pages/88.html,Original festival history; later ticket availability does not remove this classification.
70000000-0000-4000-8000-000000000022,Drift Spinner Kit,FESTIVAL_REWARD,Captain Majima Festival,gadget_103,https://www.srcgadgetbuilder.com/build,https://w.atwiki.jp/sonicracingcw/pages/88.html,Original festival history; later ticket availability does not remove this classification.
70000000-0000-4000-8000-000000000023,Panel Combo Kit,FESTIVAL_REWARD,Puyo Puyo Festival,gadget_104,https://www.srcgadgetbuilder.com/build,https://w.atwiki.jp/sonicracingcw/pages/88.html,Original festival history; later ticket availability does not remove this classification.
70000000-0000-4000-8000-000000000027,Starting Boost Bounty,STANDARD_UNLOCK,,gadget_001,https://www.srcgadgetbuilder.com/build,https://w.atwiki.jp/sonicracingcw/pages/41.html,Ordinary progression established. Specific race/plate thresholds differ between sources and are intentionally omitted.
70000000-0000-4000-8000-000000000028,130 Ring Limit,STANDARD_UNLOCK,,gadget_012,https://www.srcgadgetbuilder.com/build,https://w.atwiki.jp/sonicracingcw/pages/42.html,Ordinary progression established. Specific race/plate thresholds differ between sources and are intentionally omitted.
70000000-0000-4000-8000-000000000029,Collision Boost,STANDARD_UNLOCK,,gadget_024,https://www.srcgadgetbuilder.com/build,https://w.atwiki.jp/sonicracingcw/pages/43.html,Ordinary progression established. Specific race/plate thresholds differ between sources and are intentionally omitted.
70000000-0000-4000-8000-000000000030,Extended Slipstream,STANDARD_UNLOCK,,gadget_019,https://www.srcgadgetbuilder.com/build,https://w.atwiki.jp/sonicracingcw/pages/43.html,Ordinary progression established. Specific race/plate thresholds differ between sources and are intentionally omitted.
70000000-0000-4000-8000-000000000031,Ring Thief,STANDARD_UNLOCK,,gadget_015,https://www.srcgadgetbuilder.com/build,https://w.atwiki.jp/sonicracingcw/pages/42.html,Ordinary progression established. Specific race/plate thresholds differ between sources and are intentionally omitted.
70000000-0000-4000-8000-000000000032,Mini Ring Thief,STANDARD_UNLOCK,,gadget_014,https://www.srcgadgetbuilder.com/build,https://w.atwiki.jp/sonicracingcw/pages/42.html,Ordinary progression established. Specific race/plate thresholds differ between sources and are intentionally omitted.
70000000-0000-4000-8000-000000000033,Quick Recovery,STANDARD_UNLOCK,,gadget_057,https://www.srcgadgetbuilder.com/build,https://w.atwiki.jp/sonicracingcw/pages/46.html,Ordinary progression established. Specific race/plate thresholds differ between sources and are intentionally omitted.
70000000-0000-4000-8000-000000000034,Acceleration Machine Kit,STANDARD_UNLOCK,,gadget_080,https://www.srcgadgetbuilder.com/build,https://w.atwiki.jp/sonicracingcw/pages/37.html,Ordinary progression established. Specific race/plate thresholds differ between sources and are intentionally omitted.
70000000-0000-4000-8000-000000000035,Wisp Chance UP,STANDARD_UNLOCK,,gadget_067,https://www.srcgadgetbuilder.com/build,https://w.atwiki.jp/sonicracingcw/pages/47.html,Ordinary progression established. Specific race/plate thresholds differ between sources and are intentionally omitted.
70000000-0000-4000-8000-000000000036,Invincible Start,STANDARD_UNLOCK,,gadget_054,https://www.srcgadgetbuilder.com/build,https://w.atwiki.jp/sonicracingcw/pages/46.html,Ordinary progression established. Specific race/plate thresholds differ between sources and are intentionally omitted.
70000000-0000-4000-8000-000000000037,Handling Machine Kit,STANDARD_UNLOCK,,gadget_081,https://www.srcgadgetbuilder.com/build,https://w.atwiki.jp/sonicracingcw/pages/37.html,Ordinary progression established. Specific race/plate thresholds differ between sources and are intentionally omitted.
70000000-0000-4000-8000-000000000038,Power Machine Kit,STANDARD_UNLOCK,,gadget_082,https://www.srcgadgetbuilder.com/build,https://w.atwiki.jp/sonicracingcw/pages/37.html,Ordinary progression established. Specific race/plate thresholds differ between sources and are intentionally omitted.
70000000-0000-4000-8000-000000000039,Spin Drift,STANDARD_UNLOCK,,gadget_025,https://www.srcgadgetbuilder.com/build,https://w.atwiki.jp/sonicracingcw/pages/43.html,Ordinary progression established. Specific race/plate thresholds differ between sources and are intentionally omitted.
70000000-0000-4000-8000-000000000040,Crash Pads,STANDARD_UNLOCK,,gadget_058,https://www.srcgadgetbuilder.com/build,https://w.atwiki.jp/sonicracingcw/pages/46.html,Ordinary progression established. Specific race/plate thresholds differ between sources and are intentionally omitted.
70000000-0000-4000-8000-000000000041,Warp Ring Specialist,STANDARD_UNLOCK,,gadget_071,https://www.srcgadgetbuilder.com/build,https://w.atwiki.jp/sonicracingcw/pages/48.html,Ordinary progression established. Specific race/plate thresholds differ between sources and are intentionally omitted.
70000000-0000-4000-8000-000000000042,Item Keeper,STANDARD_UNLOCK,,gadget_056,https://www.srcgadgetbuilder.com/build,https://w.atwiki.jp/sonicracingcw/pages/46.html,Ordinary progression established. Specific race/plate thresholds differ between sources and are intentionally omitted.
70000000-0000-4000-8000-000000000043,Perfect Charge Boost,STANDARD_UNLOCK,,gadget_030,https://www.srcgadgetbuilder.com/build,https://w.atwiki.jp/sonicracingcw/pages/44.html,Ordinary progression established. Specific race/plate thresholds differ between sources and are intentionally omitted.
70000000-0000-4000-8000-000000000044,Friction Drift,STANDARD_UNLOCK,,gadget_032,https://www.srcgadgetbuilder.com/build,https://w.atwiki.jp/sonicracingcw/pages/44.html,Ordinary progression established. Specific race/plate thresholds differ between sources and are intentionally omitted.
70000000-0000-4000-8000-000000000045,Quick Starter,STANDARD_UNLOCK,,gadget_034,https://www.srcgadgetbuilder.com/build,https://w.atwiki.jp/sonicracingcw/pages/45.html,Ordinary progression established. Specific race/plate thresholds differ between sources and are intentionally omitted.
70000000-0000-4000-8000-000000000046,Slow Starter,STANDARD_UNLOCK,,gadget_036,https://www.srcgadgetbuilder.com/build,https://w.atwiki.jp/sonicracingcw/pages/45.html,Ordinary progression established. Specific race/plate thresholds differ between sources and are intentionally omitted.
70000000-0000-4000-8000-000000000047,Super Quick Starter,STANDARD_UNLOCK,,gadget_035,https://www.srcgadgetbuilder.com/build,https://w.atwiki.jp/sonicracingcw/pages/45.html,Ordinary progression established. Specific race/plate thresholds differ between sources and are intentionally omitted.
70000000-0000-4000-8000-000000000048,Super Slow Starter,STANDARD_UNLOCK,,gadget_037,https://www.srcgadgetbuilder.com/build,https://w.atwiki.jp/sonicracingcw/pages/45.html,Ordinary progression established. Specific race/plate thresholds differ between sources and are intentionally omitted.
70000000-0000-4000-8000-000000000049,Speed Machine Kit,STANDARD_UNLOCK,,gadget_079,https://www.srcgadgetbuilder.com/build,https://w.atwiki.jp/sonicracingcw/pages/37.html,Ordinary progression established. Specific race/plate thresholds differ between sources and are intentionally omitted.
70000000-0000-4000-8000-000000000050,Drift Charge Kit,STANDARD_UNLOCK,,gadget_076,https://www.srcgadgetbuilder.com/build,https://w.atwiki.jp/sonicracingcw/pages/49.html,Ordinary progression established. Specific race/plate thresholds differ between sources and are intentionally omitted.
70000000-0000-4000-8000-000000000051,Spin Dash Kit,FESTIVAL_REWARD,Sonic 35th Anniversary Festival,gadget_113,https://www.srcgadgetbuilder.com/build,https://w.atwiki.jp/sonicracingcw/pages/88.html,Original festival history; later ticket availability does not remove this classification.
70000000-0000-4000-8000-000000000052,Speed Tuner 1,STANDARD_UNLOCK,,gadget_038,https://www.srcgadgetbuilder.com/build,docs/game-data-sources.md,Ordinary progression established. Specific race/plate thresholds differ between sources and are intentionally omitted.
70000000-0000-4000-8000-000000000053,Speed Tuner 2,STANDARD_UNLOCK,,gadget_039,https://www.srcgadgetbuilder.com/build,docs/game-data-sources.md,Ordinary progression established. Specific race/plate thresholds differ between sources and are intentionally omitted.
70000000-0000-4000-8000-000000000054,Acceleration Tuner 1,STANDARD_UNLOCK,,gadget_040,https://www.srcgadgetbuilder.com/build,docs/game-data-sources.md,Ordinary progression established. Specific race/plate thresholds differ between sources and are intentionally omitted.
70000000-0000-4000-8000-000000000055,Acceleration Tuner 2,STANDARD_UNLOCK,,gadget_041,https://www.srcgadgetbuilder.com/build,docs/game-data-sources.md,Ordinary progression established. Specific race/plate thresholds differ between sources and are intentionally omitted.
70000000-0000-4000-8000-000000000056,Handling Tuner 1,STANDARD_UNLOCK,,gadget_042,https://www.srcgadgetbuilder.com/build,docs/game-data-sources.md,Ordinary progression established. Specific race/plate thresholds differ between sources and are intentionally omitted.
70000000-0000-4000-8000-000000000057,Handling Tuner 2,STANDARD_UNLOCK,,gadget_043,https://www.srcgadgetbuilder.com/build,docs/game-data-sources.md,Ordinary progression established. Specific race/plate thresholds differ between sources and are intentionally omitted.
70000000-0000-4000-8000-000000000058,Power Tuner 1,STANDARD_UNLOCK,,gadget_044,https://www.srcgadgetbuilder.com/build,docs/game-data-sources.md,Ordinary progression established. Specific race/plate thresholds differ between sources and are intentionally omitted.
70000000-0000-4000-8000-000000000059,Power Tuner 2,STANDARD_UNLOCK,,gadget_045,https://www.srcgadgetbuilder.com/build,docs/game-data-sources.md,Ordinary progression established. Specific race/plate thresholds differ between sources and are intentionally omitted.
70000000-0000-4000-8000-000000000060,Boost Tuner 1,STANDARD_UNLOCK,,gadget_046,https://www.srcgadgetbuilder.com/build,docs/game-data-sources.md,Ordinary progression established. Specific race/plate thresholds differ between sources and are intentionally omitted.
70000000-0000-4000-8000-000000000061,Boost Tuner 2,STANDARD_UNLOCK,,gadget_047,https://www.srcgadgetbuilder.com/build,docs/game-data-sources.md,Ordinary progression established. Specific race/plate thresholds differ between sources and are intentionally omitted.
70000000-0000-4000-8000-000000000062,Boost Machine Kit,STANDARD_UNLOCK,,gadget_083,https://www.srcgadgetbuilder.com/build,https://w.atwiki.jp/sonicracingcw/pages/37.html,Ordinary progression established. Specific race/plate thresholds differ between sources and are intentionally omitted.
82005d0f-575b-5350-934f-fb108d306a21,Attack Item Chance UP,STANDARD_UNLOCK,,gadget_064,https://www.srcgadgetbuilder.com/build,https://w.atwiki.jp/sonicracingcw/pages/47.html,Ordinary progression established. Specific race/plate thresholds differ between sources and are intentionally omitted.
83284989-3174-5cf8-a5ef-3d443b559b55,Defense Item Chance UP,STANDARD_UNLOCK,,gadget_065,https://www.srcgadgetbuilder.com/build,https://w.atwiki.jp/sonicracingcw/pages/47.html,Ordinary progression established. Specific race/plate thresholds differ between sources and are intentionally omitted.
84000000-0000-4000-8000-000000000001,Air Trick Bounty,STANDARD_UNLOCK,,gadget_002,https://www.srcgadgetbuilder.com/build,https://w.atwiki.jp/sonicracingcw/pages/41.html,Ordinary progression established. Specific race/plate thresholds differ between sources and are intentionally omitted.
84000000-0000-4000-8000-000000000002,Item Attack Bounty,STANDARD_UNLOCK,,gadget_003,https://www.srcgadgetbuilder.com/build,https://w.atwiki.jp/sonicracingcw/pages/41.html,Ordinary progression established. Specific race/plate thresholds differ between sources and are intentionally omitted.
84000000-0000-4000-8000-000000000003,Runoff Bounty,STANDARD_UNLOCK,,gadget_004,https://www.srcgadgetbuilder.com/build,https://w.atwiki.jp/sonicracingcw/pages/41.html,Ordinary progression established. Specific race/plate thresholds differ between sources and are intentionally omitted.
84000000-0000-4000-8000-000000000004,Slipstream Bounty,STANDARD_UNLOCK,,gadget_005,https://www.srcgadgetbuilder.com/build,https://w.atwiki.jp/sonicracingcw/pages/41.html,Ordinary progression established. Specific race/plate thresholds differ between sources and are intentionally omitted.
84000000-0000-4000-8000-000000000005,Travel Ring Bounty,STANDARD_UNLOCK,,gadget_006,https://www.srcgadgetbuilder.com/build,https://w.atwiki.jp/sonicracingcw/pages/41.html,Ordinary progression established. Specific race/plate thresholds differ between sources and are intentionally omitted.
84000000-0000-4000-8000-000000000006,Morph Action Bounty,STANDARD_UNLOCK,,gadget_007,https://www.srcgadgetbuilder.com/build,https://w.atwiki.jp/sonicracingcw/pages/41.html,Ordinary progression established. Specific race/plate thresholds differ between sources and are intentionally omitted.
84000000-0000-4000-8000-000000000007,Perfect Charge Bounty,STANDARD_UNLOCK,,gadget_008,https://www.srcgadgetbuilder.com/build,https://w.atwiki.jp/sonicracingcw/pages/41.html,Ordinary progression established. Specific race/plate thresholds differ between sources and are intentionally omitted.
84000000-0000-4000-8000-000000000008,Dash Panel Bounty,STANDARD_UNLOCK,,gadget_009,https://www.srcgadgetbuilder.com/build,https://w.atwiki.jp/sonicracingcw/pages/41.html,Ordinary progression established. Specific race/plate thresholds differ between sources and are intentionally omitted.
84000000-0000-4000-8000-000000000009,Dash Panel Mini Bounty,STANDARD_UNLOCK,,gadget_010,https://www.srcgadgetbuilder.com/build,https://w.atwiki.jp/sonicracingcw/pages/41.html,Ordinary progression established. Specific race/plate thresholds differ between sources and are intentionally omitted.
84000000-0000-4000-8000-000000000010,Dash Panel Combo Bounty,STANDARD_UNLOCK,,gadget_011,https://www.srcgadgetbuilder.com/build,https://w.atwiki.jp/sonicracingcw/pages/41.html,Ordinary progression established. Specific race/plate thresholds differ between sources and are intentionally omitted.
84000000-0000-4000-8000-000000000011,200 Ring Limit,STANDARD_UNLOCK,,gadget_013,https://www.srcgadgetbuilder.com/build,https://w.atwiki.jp/sonicracingcw/pages/42.html,Ordinary progression established. Specific race/plate thresholds differ between sources and are intentionally omitted.
84000000-0000-4000-8000-000000000012,Ring Gain Mini Boost,STANDARD_UNLOCK,,gadget_016,https://www.srcgadgetbuilder.com/build,https://w.atwiki.jp/sonicracingcw/pages/42.html,Ordinary progression established. Specific race/plate thresholds differ between sources and are intentionally omitted.
84000000-0000-4000-8000-000000000013,Ring Gain Boost,STANDARD_UNLOCK,,gadget_017,https://www.srcgadgetbuilder.com/build,https://w.atwiki.jp/sonicracingcw/pages/42.html,Ordinary progression established. Specific race/plate thresholds differ between sources and are intentionally omitted.
84000000-0000-4000-8000-000000000014,Ring Range UP,STANDARD_UNLOCK,,gadget_018,https://www.srcgadgetbuilder.com/build,https://w.atwiki.jp/sonicracingcw/pages/42.html,Ordinary progression established. Specific race/plate thresholds differ between sources and are intentionally omitted.
84000000-0000-4000-8000-000000000015,Air Drift Mobility UP,STANDARD_UNLOCK,,gadget_020,https://www.srcgadgetbuilder.com/build,https://w.atwiki.jp/sonicracingcw/pages/43.html,Ordinary progression established. Specific race/plate thresholds differ between sources and are intentionally omitted.
84000000-0000-4000-8000-000000000016,Charge Jump Mobility UP,STANDARD_UNLOCK,,gadget_021,https://www.srcgadgetbuilder.com/build,https://w.atwiki.jp/sonicracingcw/pages/43.html,Ordinary progression established. Specific race/plate thresholds differ between sources and are intentionally omitted.
84000000-0000-4000-8000-000000000017,Air Trick Adept,STANDARD_UNLOCK,,gadget_022,https://www.srcgadgetbuilder.com/build,https://w.atwiki.jp/sonicracingcw/pages/43.html,Ordinary progression established. Specific race/plate thresholds differ between sources and are intentionally omitted.
84000000-0000-4000-8000-000000000018,Air Trick Expert,STANDARD_UNLOCK,,gadget_023,https://www.srcgadgetbuilder.com/build,https://w.atwiki.jp/sonicracingcw/pages/43.html,Ordinary progression established. Specific race/plate thresholds differ between sources and are intentionally omitted.
84000000-0000-4000-8000-000000000019,Lv1 Quick Charge,STANDARD_UNLOCK,,gadget_026,https://www.srcgadgetbuilder.com/build,https://w.atwiki.jp/sonicracingcw/pages/44.html,Ordinary progression established. Specific race/plate thresholds differ between sources and are intentionally omitted.
84000000-0000-4000-8000-000000000020,Lv2 Quick Charge,STANDARD_UNLOCK,,gadget_027,https://www.srcgadgetbuilder.com/build,https://w.atwiki.jp/sonicracingcw/pages/44.html,Ordinary progression established. Specific race/plate thresholds differ between sources and are intentionally omitted.
84000000-0000-4000-8000-000000000021,Lv3 Quick Charge,STANDARD_UNLOCK,,gadget_028,https://www.srcgadgetbuilder.com/build,https://w.atwiki.jp/sonicracingcw/pages/44.html,Ordinary progression established. Specific race/plate thresholds differ between sources and are intentionally omitted.
84000000-0000-4000-8000-000000000022,Technical Drift,STANDARD_UNLOCK,,gadget_031,https://www.srcgadgetbuilder.com/build,https://w.atwiki.jp/sonicracingcw/pages/44.html,Ordinary progression established. Specific race/plate thresholds differ between sources and are intentionally omitted.
84000000-0000-4000-8000-000000000023,Counter Quick Charge,STANDARD_UNLOCK,,gadget_033,https://www.srcgadgetbuilder.com/build,https://w.atwiki.jp/sonicracingcw/pages/44.html,Ordinary progression established. Specific race/plate thresholds differ between sources and are intentionally omitted.
84000000-0000-4000-8000-000000000024,Maximum Traction,STANDARD_UNLOCK,,gadget_051,https://www.srcgadgetbuilder.com/build,https://w.atwiki.jp/sonicracingcw/pages/46.html,Ordinary progression established. Specific race/plate thresholds differ between sources and are intentionally omitted.
84000000-0000-4000-8000-000000000025,Second Wind,STANDARD_UNLOCK,,gadget_052,https://www.srcgadgetbuilder.com/build,https://w.atwiki.jp/sonicracingcw/pages/46.html,Ordinary progression established. Specific race/plate thresholds differ between sources and are intentionally omitted.
84000000-0000-4000-8000-000000000026,Bumper Guard,STANDARD_UNLOCK,,gadget_053,https://www.srcgadgetbuilder.com/build,https://w.atwiki.jp/sonicracingcw/pages/46.html,Ordinary progression established. Specific race/plate thresholds differ between sources and are intentionally omitted.
84000000-0000-4000-8000-000000000027,Boost Starter,STANDARD_UNLOCK,,gadget_068,https://www.srcgadgetbuilder.com/build,https://w.atwiki.jp/sonicracingcw/pages/48.html,Ordinary progression established. Specific race/plate thresholds differ between sources and are intentionally omitted.
84000000-0000-4000-8000-000000000028,Double Boost Specialist,STANDARD_UNLOCK,,gadget_069,https://www.srcgadgetbuilder.com/build,https://w.atwiki.jp/sonicracingcw/pages/48.html,Ordinary progression established. Specific race/plate thresholds differ between sources and are intentionally omitted.
84000000-0000-4000-8000-000000000029,Dark Chao Starter,STANDARD_UNLOCK,,gadget_070,https://www.srcgadgetbuilder.com/build,https://w.atwiki.jp/sonicracingcw/pages/48.html,Ordinary progression established. Specific race/plate thresholds differ between sources and are intentionally omitted.
84000000-0000-4000-8000-000000000030,Giant Spiked Iron Ball,STANDARD_UNLOCK,,gadget_073,https://www.srcgadgetbuilder.com/build,https://w.atwiki.jp/sonicracingcw/pages/48.html,Ordinary progression established. Specific race/plate thresholds differ between sources and are intentionally omitted.
84000000-0000-4000-8000-000000000031,Short Fuse,STANDARD_UNLOCK,,gadget_074,https://www.srcgadgetbuilder.com/build,https://w.atwiki.jp/sonicracingcw/pages/48.html,Ordinary progression established. Specific race/plate thresholds differ between sources and are intentionally omitted.
84000000-0000-4000-8000-000000000032,Monster Truck Starter,STANDARD_UNLOCK,,gadget_075,https://www.srcgadgetbuilder.com/build,https://w.atwiki.jp/sonicracingcw/pages/48.html,Ordinary progression established. Specific race/plate thresholds differ between sources and are intentionally omitted.
84000000-0000-4000-8000-000000000033,Item Hoarder Kit,STANDARD_UNLOCK,,gadget_077,https://www.srcgadgetbuilder.com/build,https://w.atwiki.jp/sonicracingcw/pages/49.html,Ordinary progression established. Specific race/plate thresholds differ between sources and are intentionally omitted.
84000000-0000-4000-8000-000000000034,Damage Support Kit,STANDARD_UNLOCK,,gadget_078,https://www.srcgadgetbuilder.com/build,https://w.atwiki.jp/sonicracingcw/pages/49.html,Ordinary progression established. Specific race/plate thresholds differ between sources and are intentionally omitted.
84000000-0000-4000-8000-000000000035,Perfect Charge Kit,FESTIVAL_REWARD,Axel Festival,gadget_115,https://www.srcgadgetbuilder.com/build,https://w.atwiki.jp/sonicracingcw/pages/88.html,Original festival history; later ticket availability does not remove this classification.
84000000-0000-4000-8000-000000000036,Speedy Shortcut Kit,FESTIVAL_REWARD,Hatsune Miku 2nd Festival,gadget_117,https://www.srcgadgetbuilder.com/build,https://w.atwiki.jp/sonicracingcw/pages/88.html,Original festival history; later ticket availability does not remove this classification.
84000000-0000-4000-8000-000000000037,Air Trick Action Kit,FESTIVAL_REWARD,TMNT Festival,gadget_114,https://www.srcgadgetbuilder.com/build,https://w.atwiki.jp/sonicracingcw/pages/88.html,Original festival history; later ticket availability does not remove this classification.
84000000-0000-4000-8000-000000000038,4th Stage Charge Kit,FESTIVAL_REWARD,Samba de Amigo Festival,gadget_116,https://www.srcgadgetbuilder.com/build,https://w.atwiki.jp/sonicracingcw/pages/88.html,Original festival history; later ticket availability does not remove this classification.
84c606c3-0540-5a3e-bb92-27185533a89b,Lucky Pair,STANDARD_UNLOCK,,gadget_059,https://www.srcgadgetbuilder.com/build,https://w.atwiki.jp/sonicracingcw/pages/47.html,Ordinary progression established. Specific race/plate thresholds differ between sources and are intentionally omitted.
966f8792-a6af-576f-885c-697a33064497,Boost Item Chance UP,STANDARD_UNLOCK,,gadget_066,https://www.srcgadgetbuilder.com/build,https://w.atwiki.jp/sonicracingcw/pages/47.html,Ordinary progression established. Specific race/plate thresholds differ between sources and are intentionally omitted.
97147799-cf1d-5f50-b133-3ff6091574d3,Damage Mercy,STANDARD_UNLOCK,,gadget_049,https://www.srcgadgetbuilder.com/build,https://w.atwiki.jp/sonicracingcw/pages/46.html,Ordinary progression established. Specific race/plate thresholds differ between sources and are intentionally omitted.
9735d3ab-d53b-52a1-a80d-ed0cb89429c2,Strong Finish,STANDARD_UNLOCK,,gadget_055,https://www.srcgadgetbuilder.com/build,https://w.atwiki.jp/sonicracingcw/pages/46.html,Ordinary progression established. Specific race/plate thresholds differ between sources and are intentionally omitted.
ae3d98e8-321c-5e19-b442-a2da09463467,Hazard Item Chance UP,STANDARD_UNLOCK,,gadget_063,https://www.srcgadgetbuilder.com/build,https://w.atwiki.jp/sonicracingcw/pages/47.html,Ordinary progression established. Specific race/plate thresholds differ between sources and are intentionally omitted.
b3002fe1-32a2-5a06-8c07-64d0511811ad,Champion Bounty,STANDARD_UNLOCK,,gadget_095,https://www.srcgadgetbuilder.com/build,https://w.atwiki.jp/sonicracingcw/pages/41.html,Ordinary progression established. Specific race/plate thresholds differ between sources and are intentionally omitted.
b5f42975-23b3-5a1d-9173-c18d2e584244,Ring Mercy,STANDARD_UNLOCK,,gadget_048,https://www.srcgadgetbuilder.com/build,https://w.atwiki.jp/sonicracingcw/pages/46.html,Ordinary progression established. Specific race/plate thresholds differ between sources and are intentionally omitted.
c857021b-d746-5d73-b54d-ccd594064c80,Giant Rocket Punch,STANDARD_UNLOCK,,gadget_072,https://www.srcgadgetbuilder.com/build,https://w.atwiki.jp/sonicracingcw/pages/48.html,Ordinary progression established. Specific race/plate thresholds differ between sources and are intentionally omitted.
f3b3dd31-9912-5a84-a8db-a76d1f93dcbe,Item Mercy,STANDARD_UNLOCK,,gadget_050,https://www.srcgadgetbuilder.com/build,https://w.atwiki.jp/sonicracingcw/pages/46.html,Ordinary progression established. Specific race/plate thresholds differ between sources and are intentionally omitted.
f6f75d95-16dd-538d-89b5-49c71cc8a346,Double Down,STANDARD_UNLOCK,,gadget_060,https://www.srcgadgetbuilder.com/build,https://w.atwiki.jp/sonicracingcw/pages/47.html,Ordinary progression established. Specific race/plate thresholds differ between sources and are intentionally omitted.
f8a1e5bd-b342-5a88-87e1-908adb2e165f,Ultimate Charge,STANDARD_UNLOCK,,gadget_029,https://www.srcgadgetbuilder.com/build,https://w.atwiki.jp/sonicracingcw/pages/44.html,Ordinary progression established. Specific race/plate thresholds differ between sources and are intentionally omitted.
